config,phase,elapsed_s,sim_frame,speed_cmd_mps,speed_mps,throttle,brake,gear,speed_error_mps,speed_error_integral,throttle_ff
A_RESET_CURRENT,stop,0.02,2515547,0.0,0.0,0.0,1.0,0,0.0,0.0,0.0
A_RESET_CURRENT,stop,0.04,2515548,0.0,0.0,0.0,1.0,0,0.0,0.0,0.0
A_RESET_CURRENT,stop,0.06,2515549,0.0,0.0,0.0,1.0,0,0.0,0.0,0.0
A_RESET_CURRENT,stop,0.08,2515550,0.0,0.0,0.0,1.0,0,0.0,0.0,0.0
A_RESET_CURRENT,stop,0.1,2515551,0.0,0.0,0.0,1.0,0,0.0,0.0,0.0
A_RESET_CURRENT,stop,0.12,2515552,0.0,0.0,0.0,1.0,0,0.0,0.0,0.0
A_RESET_CURRENT,stop,0.14,2515553,0.0,0.0,0.0,1.0,0,0.0,0.0,0.0
A_RESET_CURRENT,stop,0.16,2515554,0.0,0.0,0.0,1.0,0,0.0,0.0,0.0
A_RESET_CURRENT,stop,0.18,2515555,0.0,0.0,0.0,1.0,0,0.0,0.0,0.0
A_RESET_CURRENT,stop,0.2,2515556,0.0,0.0,0.0,1.0,0,0.0,0.0,0.0
A_RESET_CURRENT,stop,0.22,2515557,0.0,0.0,0.0,1.0,0,0.0,0.0,0.0
A_RESET_CURRENT,stop,0.24,2515558,0.0,0.0,0.0,1.0,0,0.0,0.0,0.0
A_RESET_CURRENT,stop,0.26,2515559,0.0,0.0,0.0,1.0,0,0.0,0.0,0.0
A_RESET_CURRENT,stop,0.28,2515560,0.0,0.0,0.0,1.0,0,0.0,0.0,0.0
A_RESET_CURRENT,stop,0.3,2515561,0.0,0.0,0.0,1.0,0,0.0,0.0,0.0
A_RESET_CURRENT,stop,0.32,2515562,0.0,0.0,0.0,1.0,0,0.0,0.0,0.0
A_RESET_CURRENT,stop,0.34,2515563,0.0,0.0,0.0,1.0,0,0.0,0.0,0.0
A_RESET_CURRENT,stop,0.36,2515564,0.0,0.0,0.0,1.0,0,0.0,0.0,0.0
A_RESET_CURRENT,stop,0.38,2515565,0.0,0.0,0.0,1.0,0,0.0,0.0,0.0
A_RESET_CURRENT,stop,0.4,2515566,0.0,0.0,0.0,1.0,0,0.0,0.0,0.0
A_RESET_CURRENT,stop,0.42,2515567,0.0,0.0,0.0,1.0,0,0.0,0.0,0.0
A_RESET_CURRENT,stop,0.44,2515568,0.0,0.0,0.0,1.0,0,0.0,0.0,0.0
A_RESET_CURRENT,stop,0.46,2515569,0.0,0.0,0.0,1.0,0,0.0,0.0,0.0
A_RESET_CURRENT,stop,0.48,2515570,0.0,0.0,0.0,1.0,0,0.0,0.0,0.0
A_RESET_CURRENT,stop,0.5,2515571,0.0,0.0,0.0,1.0,0,0.0,0.0,0.0
A_RESET_CURRENT,stop,0.52,2515572,0.0,0.0,0.0,1.0,0,0.0,0.0,0.0
A_RESET_CURRENT,stop,0.54,2515573,0.0,0.0,0.0,1.0,0,0.0,0.0,0.0
A_RESET_CURRENT,stop,0.56,2515574,0.0,0.0,0.0,1.0,0,0.0,0.0,0.0
A_RESET_CURRENT,stop,0.58,2515575,0.0,0.0,0.0,1.0,0,0.0,0.0,0.0
A_RESET_CURRENT,stop,0.6,2515576,0.0,0.0,0.0,1.0,0,0.0,0.0,0.0
A_RESET_CURRENT,stop,0.62,2515577,0.0,0.0,0.0,1.0,0,0.0,0.0,0.0
A_RESET_CURRENT,stop,0.64,2515578,0.0,0.0,0.0,1.0,0,0.0,0.0,0.0
A_RESET_CURRENT,stop,0.66,2515579,0.0,0.0,0.0,1.0,0,0.0,0.0,0.0
A_RESET_CURRENT,stop,0.68,2515580,0.0,0.0,0.0,1.0,0,0.0,0.0,0.0
A_RESET_CURRENT,stop,0.7000000000000001,2515581,0.0,0.0,0.0,1.0,0,0.0,0.0,0.0
A_RESET_CURRENT,stop,0.72,2515582,0.0,0.0,0.0,1.0,0,0.0,0.0,0.0
A_RESET_CURRENT,stop,0.74,2515583,0.0,0.0,0.0,1.0,0,0.0,0.0,0.0
A_RESET_CURRENT,stop,0.76,2515584,0.0,0.0,0.0,1.0,0,0.0,0.0,0.0
A_RESET_CURRENT,stop,0.78,2515585,0.0,0.0,0.0,1.0,0,0.0,0.0,0.0
A_RESET_CURRENT,stop,0.8,2515586,0.0,0.0,0.0,1.0,0,0.0,0.0,0.0
A_RESET_CURRENT,stop,0.8200000000000001,2515587,0.0,0.0,0.0,1.0,0,0.0,0.0,0.0
A_RESET_CURRENT,stop,0.84,2515588,0.0,0.0,0.0,1.0,0,0.0,0.0,0.0
A_RESET_CURRENT,stop,0.86,2515589,0.0,0.0,0.0,1.0,0,0.0,0.0,0.0
A_RESET_CURRENT,stop,0.88,2515590,0.0,0.0,0.0,1.0,0,0.0,0.0,0.0
A_RESET_CURRENT,stop,0.9,2515591,0.0,0.003983581443205829,0.0,1.0,0,0.0,0.0,0.0
A_RESET_CURRENT,stop,0.92,2515592,0.0,0.01998720472424225,0.0,1.0,0,-0.003983581443205829,0.0,0.0
A_RESET_CURRENT,stop,0.9400000000000001,2515593,0.0,0.026580814140935514,0.0,1.0,0,-0.01998720472424225,0.0,0.0
A_RESET_CURRENT,stop,0.96,2515594,0.0,0.01815142336495281,0.0,1.0,0,-0.026580814140935514,0.0,0.0
A_RESET_CURRENT,stop,0.98,2515595,0.0,0.011893734987774103,0.0,1.0,0,-0.01815142336495281,0.0,0.0
A_RESET_CURRENT,stop,1.0,2515596,0.0,0.007005072307122518,0.0,1.0,0,-0.011893734987774103,0.0,0.0
A_RESET_CURRENT,pre,0.02,2515597,0.7,0.003446401926163309,1.0,0.0,0,0.6929949276928774,0.013859898553857549,0.633
A_RESET_CURRENT,pre,0.04,2515598,0.7,0.0012572181762704868,1.0,0.0,0,0.6965535980738367,0.02779097051533428,0.633
A_RESET_CURRENT,pre,0.06,2515599,0.7,0.0016817045530779773,1.0,0.0,0,0.6987427818237295,0.04176582615180887,0.633
A_RESET_CURRENT,pre,0.08,2515600,0.7,0.0027931161964652434,1.0,0.0,0,0.698318295446922,0.05573219206074731,0.633
A_RESET_CURRENT,pre,0.1,2515601,0.7,0.0035750251256930128,1.0,0.0,0,0.6972068838035347,0.069676329736818,0.633
A_RESET_CURRENT,pre,0.12,2515602,0.7,0.004036231513576292,1.0,0.0,0,0.696424974874307,0.08360482923430415,0.633
A_RESET_CURRENT,pre,0.14,2515603,0.7,0.004245182610400603,1.0,0.0,0,0.6959637684864237,0.09752410460403263,0.633
A_RESET_CURRENT,pre,0.16,2515604,0.7,0.004265781317587058,1.0,0.0,0,0.6957548173895993,0.11143920095182462,0.633
A_RESET_CURRENT,pre,0.18,2515605,0.7,0.004151238144332258,1.0,0.0,0,0.6957342186824129,0.12535388532547287,0.633
A_RESET_CURRENT,pre,0.2,2515606,0.7,0.003944049960250567,1.0,0.0,0,0.6958487618556677,0.13927086056258622,0.633
A_RESET_CURRENT,pre,0.22,2515607,0.7,0.003677385315247819,1.0,0.0,0,0.6960559500397494,0.1531919795633812,0.633
A_RESET_CURRENT,pre,0.24,2515608,0.7,0.0033767976781477575,1.0,0.0,0,0.6963226146847521,0.16711843185707626,0.633
A_RESET_CURRENT,pre,0.26,2515609,0.7,0.0030613763868573233,1.0,0.0,0,0.6966232023218522,0.1810508959035133,0.633
A_RESET_CURRENT,pre,0.28,2515610,0.7,0.0027451013096508855,1.0,0.0,0,0.6969386236131426,0.19498966837577617,0.633
A_RESET_CURRENT,pre,0.3,2515611,0.7,0.002437967384781181,1.0,0.0,0,0.6972548986903491,0.20893476634958313,0.633
A_RESET_CURRENT,pre,0.32,2515612,0.7,0.002146743023191239,1.0,0.0,0,0.6975620326152188,0.22288600700188752,0.633
A_RESET_CURRENT,pre,0.34,2515613,0.7,0.0018756960362001397,1.0,0.0,0,0.6978532569768087,0.2368430721414237,0.633
A_RESET_CURRENT,pre,0.36,2515614,0.7,0.0016271477436462383,1.0,0.0,0,0.6981243039637998,0.25080555822069966,0.633
A_RESET_CURRENT,pre,0.38,2515615,0.7,0.0014021800830502495,1.0,0.0,0,0.6983728522563537,0.26477301526582675,0.633
A_RESET_CURRENT,pre,0.4,2515616,0.7,0.001200651150582877,1.0,0.0,0,0.6985978199169497,0.27874497166416573,0.633
A_RESET_CURRENT,pre,0.42,2515617,0.7,0.0010219178501140371,1.0,0.0,0,0.6987993488494171,0.29272095864115405,0.633
A_RESET_CURRENT,pre,0.44,2515618,0.7,0.0008646717392612951,1.0,0.0,0,0.6989780821498859,0.3067005202841518,0.633
A_RESET_CURRENT,pre,0.46,2515619,0.7,0.0007273947908342412,1.0,0.0,0,0.6991353282607387,0.32068322684936656,0.633
A_RESET_CURRENT,pre,0.48,2515620,0.7,0.0006084412808857991,1.0,0.0,0,0.6992726052091657,0.3346686789535499,0.633
A_RESET_CURRENT,pre,0.5,2515621,0.7,0.0005060409467185633,1.0,0.0,0,0.6993915587191142,0.3486565101279322,0.633
A_RESET_CURRENT,pre,0.52,2515622,0.7,0.00041841221556036134,1.0,0.0,0,0.6994939590532814,0.36264638930899784,0.633
A_RESET_CURRENT,pre,0.54,2515623,0.7,0.0003439443808892684,1.0,0.0,0,0.6995815877844396,0.37663802106468663,0.633
A_RESET_CURRENT,pre,0.56,2515624,0.7,0.0002809712772151556,1.0,0.0,0,0.6996560556191107,0.39063114217706885,0.633
A_RESET_CURRENT,pre,0.58,2515625,0.7,0.0002280317370056602,1.0,0.0,0,0.6997190287227848,0.4046255227515245,0.633
A_RESET_CURRENT,pre,0.6,2515626,0.7,0.00018381720298654784,1.0,0.0,0,0.6997719682629943,0.4186209621167844,0.633
A_RESET_CURRENT,pre,0.62,2515627,0.7,0.00014708884314620368,1.0,0.0,0,0.6998161827970134,0.4326172857727247,0.633
A_RESET_CURRENT,pre,0.64,2515628,0.7,0.00011683758380792838,1.0,0.0,0,0.6998529111568538,0.44661434399586175,0.633
A_RESET_CURRENT,pre,0.66,2515629,0.7,9.207128938002512e-05,1.0,0.0,0,0.699883162416192,0.4606120072441856,0.633
A_RESET_CURRENT,pre,0.68,2515630,0.7,7.188597660825825e-05,1.0,0.0,0,0.6999079287106199,0.474610165818398,0.633
A_RESET_CURRENT,pre,0.7000000000000001,2515631,0.7,5.5636499514612494e-05,1.0,0.0,0,0.6999281140233917,0.4886087280988658,0.633
A_RESET_CURRENT,pre,0.72,2515632,0.7,4.264337525905352e-05,1.0,0.0,0,0.6999443635004854,0.5026076153688755,0.633
A_RESET_CURRENT,pre,0.74,2515633,0.7,3.2391904430805485e-05,1.0,0.0,0,0.6999573566247409,0.5166067625013704,0.633
A_RESET_CURRENT,pre,0.76,2515634,0.7,2.4405311790318018e-05,1.0,0.0,0,0.6999676080955691,0.5306061146632818,0.633
A_RESET_CURRENT,pre,0.78,2515635,0.7,1.832520593156819e-05,1.0,0.0,0,0.6999755946882097,0.544605626557046,0.633
A_RESET_CURRENT,pre,0.8,2515636,0.7,1.386455898663868e-05,1.0,0.0,0,0.6999816747940684,0.5586052600529274,0.633
A_RESET_CURRENT,pre,0.8200000000000001,2515637,0.7,1.0707881605360012e-05,1.0,0.0,0,0.6999861354410133,0.5726049827617476,0.633
A_RESET_CURRENT,pre,0.84,2515638,0.7,8.648796700463393e-06,1.0,0.0,0,0.6999892921183946,0.5866047686041156,0.633
A_RESET_CURRENT,pre,0.86,2515639,0.7,7.3886727780105416e-06,1.0,0.0,0,0.6999913512032995,0.6,0.633
A_RESET_CURRENT,pre,0.88,2515640,0.7,6.640818772574888e-06,1.0,0.0,0,0.6999926113272219,0.6,0.633
A_RESET_CURRENT,pre,0.9,2515641,0.7,6.202418784294622e-06,1.0,0.0,0,0.6999933591812274,0.6,0.633
A_RESET_CURRENT,pre,0.92,2515642,0.7,0.0,1.0,0.0,0,0.6999937975812157,0.6,0.633
A_RESET_CURRENT,pre,0.9400000000000001,2515643,0.7,2.4047880384400944e-06,1.0,0.0,0,0.7,0.6,0.633
A_RESET_CURRENT,pre,0.96,2515644,0.7,2.9783583926509783e-06,1.0,0.0,0,0.6999975952119615,0.6,0.633
A_RESET_CURRENT,pre,0.98,2515645,0.7,3.224433393524613e-06,1.0,0.0,0,0.6999970216416073,0.6,0.633
A_RESET_CURRENT,pre,1.0,2515646,0.7,3.205771260331307e-06,1.0,0.0,0,0.6999967755666064,0.6,0.633
A_RESET_CURRENT,pre,1.02,2515647,0.7,0.02441676709385187,1.0,0.0,0,0.6999967942287396,0.6,0.633
A_RESET_CURRENT,pre,1.04,2515648,0.7,0.0730955246860571,1.0,0.0,1,0.6755832329061481,0.6,0.633
A_RESET_CURRENT,pre,1.06,2515649,0.7,0.11934708485153762,1.0,0.0,1,0.6269044753139429,0.6,0.633
A_RESET_CURRENT,pre,1.08,2515650,0.7,0.1620844743006149,1.0,0.0,1,0.5806529151484623,0.6,0.633
A_RESET_CURRENT,pre,1.1,2515651,0.7,0.20099957263776283,1.0,0.0,1,0.537915525699385,0.6,0.633
A_RESET_CURRENT,pre,1.12,2515652,0.7,0.23615050631052764,1.0,0.0,1,0.49900042736223715,0.6,0.633
A_RESET_CURRENT,pre,1.1400000000000001,2515653,0.7,0.2678518089029834,1.0,0.0,1,0.4638494936894723,0.6,0.633
A_RESET_CURRENT,pre,1.16,2515654,0.7,0.29645059398754203,1.0,0.0,1,0.4321481910970166,0.6,0.633
A_RESET_CURRENT,pre,1.18,2515655,0.7,0.3222284101808801,1.0,0.0,1,0.4035494060124579,0.6,0.633
A_RESET_CURRENT,pre,1.2,2515656,0.7,0.34549181626024633,1.0,0.0,1,0.37777158981911985,0.6,0.633
A_RESET_CURRENT,pre,1.22,2515657,0.7,0.3665465365069859,1.0,0.0,1,0.3545081837397536,0.6,0.633
A_RESET_CURRENT,pre,1.24,2515658,0.7,0.3856797461879059,1.0,0.0,1,0.3334534634930141,0.6,0.633
A_RESET_CURRENT,pre,1.26,2515659,0.7,0.4031517984315012,1.0,0.0,1,0.31432025381209405,0.6,0.633
A_RESET_CURRENT,pre,1.28,2515660,0.7,0.4191945076222662,1.0,0.0,1,0.2968482015684988,0.6,0.633
A_RESET_CURRENT,pre,1.3,2515661,0.7,0.43401122094214883,1.0,0.0,1,0.2808054923777338,0.6,0.633
A_RESET_CURRENT,pre,1.32,2515662,0.7,0.4477673054813406,0.9910904765129089,0.0,1,0.2659887790578511,0.6,0.633
A_RESET_CURRENT,pre,1.34,2515663,0.7,0.4605864527603907,0.9793977737426758,0.0,1,0.2522326945186594,0.6,0.633
A_RESET_CURRENT,pre,1.36,2515664,0.7,0.47257127809992366,0.9685015082359314,0.0,1,0.23941354723960928,0.6,0.633
A_RESET_CURRENT,pre,1.3800000000000001,2515665,0.7,0.48381214211434764,0.9583144187927246,0.0,1,0.2274287219000763,0.6,0.633
A_RESET_CURRENT,pre,1.4000000000000001,2515666,0.7,0.49438824743559157,0.9487596750259399,0.0,1,0.2161878578856523,0.6,0.633
A_RESET_CURRENT,pre,1.42,2515667,0.7,0.5043689261717933,0.939769983291626,0.0,1,0.2056117525644084,0.6,0.633
A_RESET_CURRENT,pre,1.44,2515668,0.7,0.5139678013793864,0.9312863945960999,0.0,1,0.19563107382820666,0.6,0.633
A_RESET_CURRENT,pre,1.46,2515669,0.7,0.5230068220678434,0.9231273531913757,0.0,1,0.1860321986206136,0.6,0.633
A_RESET_CURRENT,pre,1.48,2515670,0.7,0.5316037669771454,0.9154441952705383,0.0,1,0.17699317793215652,0.6,0.633
A_RESET_CURRENT,pre,1.5,2515671,0.7,0.5389976039997433,0.908136785030365,0.0,1,0.16839623302285456,0.6,0.633
A_RESET_CURRENT,pre,1.52,2515672,0.7,0.5421443954793825,0.901852011680603,0.0,1,0.16100239600025668,0.6,0.633
A_RESET_CURRENT,pre,1.54,2515673,0.7,0.5416110054824272,0.8991772532463074,0.0,1,0.15785560452061742,0.6,0.633
A_RESET_CURRENT,pre,1.56,2515674,0.7,0.541594602367496,0.8996306657791138,0.0,1,0.1583889945175727,0.6,0.633
A_RESET_CURRENT,pre,1.58,2515675,0.7,0.5419878023691588,0.8996446132659912,0.0,1,0.15840539763250394,0.6,0.633
A_RESET_CURRENT,pre,1.6,2515676,0.7,0.5428034800479755,0.8993103504180908,0.0,1,0.15801219763084118,0.6,0.633
A_RESET_CURRENT,pre,1.62,2515677,0.7,0.5440306204451163,0.8986170291900635,0.0,1,0.15719651995202444,0.6,0.633
A_RESET_CURRENT,pre,1.6400000000000001,2515678,0.7,0.5456528680444444,0.8975739479064941,0.0,1,0.15596937955488366,0.6,0.633
A_RESET_CURRENT,pre,1.6600000000000001,2515679,0.7,0.5476506248499539,0.8961950540542603,0.0,1,0.1543471319555556,0.6,0.633
A_RESET_CURRENT,pre,1.68,2515680,0.7,0.5500027193148862,0.8944969773292542,0.0,1,0.1523493751500461,0.6,0.633
A_RESET_CURRENT,pre,1.7,2515681,0.7,0.5526866924255955,0.892497718334198,0.0,1,0.14999728068511375,0.6,0.633
A_RESET_CURRENT,pre,1.72,2515682,0.7,0.5556790838114589,0.8902162909507751,0.0,1,0.14731330757440442,0.6,0.633
A_RESET_CURRENT,pre,1.74,2515683,0.7,0.5589558132067494,0.8876727819442749,0.0,1,0.14432091618854104,0.6,0.633
A_RESET_CURRENT,pre,1.76,2515684,0.7,0.5624924665571058,0.8848875761032104,0.0,1,0.1410441867932506,0.6,0.633
A_RESET_CURRENT,pre,1.78,2515685,0.7,0.5662645821204095,0.8818814158439636,0.0,1,0.13750753344289413,0.6,0.633
A_RESET_CURRENT,pre,1.8,2515686,0.7,0.5702471736308016,0.878675103187561,0.0,1,0.13373541787959042,0.6,0.633
A_RESET_CURRENT,pre,1.82,2515687,0.7,0.5744158747082428,0.8752899169921875,0.0,1,0.12975282636919838,0.6,0.633
A_RESET_CURRENT,pre,1.84,2515688,0.7,0.5787464620222335,0.8717464804649353,0.0,1,0.1255841252917571,0.6,0.633
A_RESET_CURRENT,pre,1.86,2515689,0.7,0.5832154274982716,0.8680655360221863,0.0,1,0.1212535379777665,0.6,0.633
A_RESET_CURRENT,pre,1.8800000000000001,2515690,0.7,0.5878000736838163,0.8642668724060059,0.0,1,0.11678457250172836,0.6,0.633
A_RESET_CURRENT,pre,1.9000000000000001,2515691,0.7,0.5924785137508486,0.8603699207305908,0.0,1,0.1121999263161837,0.6,0.633
A_RESET_CURRENT,pre,1.92,2515692,0.7,0.5972296714942507,0.8563932776451111,0.0,1,0.10752148624915137,0.6,0.633
A_RESET_CURRENT,pre,1.94,2515693,0.7,0.6020338058530471,0.8523547649383545,0.0,1,0.1027703285057493,0.6,0.633
A_RESET_CURRENT,pre,1.96,2515694,0.7,0.6068725585948938,0.8482712507247925,0.0,1,0.09796619414695285,0.6,0.633
A_RESET_CURRENT,pre,1.98,2515695,0.7,0.6117280960083098,0.8441583514213562,0.0,1,0.0931274414051062,0.6,0.633
A_RESET_CURRENT,pre,2.0,2515696,0.7,0.6165841579449669,0.8400311470031738,0.0,1,0.08827190399169016,0.6,0.633
A_RESET_CURRENT,pre,2.02,2515697,0.7,0.6214262962380201,0.8359034657478333,0.0,1,0.08341584205503305,0.6,0.633
A_RESET_CURRENT,pre,2.04,2515698,0.7,0.6262403488230569,0.831787645816803,0.0,1,0.07857370376197981,0.6,0.633
A_RESET_CURRENT,pre,2.06,2515699,0.7,0.6310141086685317,0.8276957273483276,0.0,1,0.07375965117694305,0.6,0.633
A_RESET_CURRENT,pre,2.08,2515700,0.7,0.6357361793660095,0.8236380219459534,0.0,1,0.06898589133146826,0.6,0.633
A_RESET_CURRENT,pre,2.1,2515701,0.7,0.6403964042838959,0.8196242451667786,0.0,1,0.0642638206339905,0.6,0.633
A_RESET_CURRENT,pre,2.12,2515702,0.7,0.6449859619344517,0.8156630396842957,0.0,1,0.059603595716104074,0.6,0.633
A_RESET_CURRENT,pre,2.14,2515703,0.7,0.6494967937698123,0.8117619156837463,0.0,1,0.055014038065548276,0.6,0.633
A_RESET_CURRENT,pre,2.16,2515704,0.7,0.653922081018651,0.8079277276992798,0.0,1,0.05050320623018767,0.6,0.633
A_RESET_CURRENT,pre,2.18,2515705,0.7,0.6582559109000794,0.8041662573814392,0.0,1,0.04607791898134894,0.6,0.633
A_RESET_CURRENT,pre,2.2,2515706,0.7,0.6624930858893389,0.800482451915741,0.0,1,0.041744089099920556,0.6,0.633
A_RESET_CURRENT,pre,2.22,2515707,0.7,0.6666294575030547,0.7968809008598328,0.0,1,0.037506914110661094,0.6,0.633
A_RESET_CURRENT,pre,2.24,2515708,0.7,0.6706614017789981,0.793364942073822,0.0,1,0.033370542496945266,0.6,0.633
A_RESET_CURRENT,pre,2.2600000000000002,2515709,0.7,0.6745863437963755,0.7899377942085266,0.0,1,0.02933859822100182,0.6,0.633
A_RESET_CURRENT,pre,2.2800000000000002,2515710,0.7,0.6784019470533049,0.7866016030311584,0.0,1,0.025413656203624457,0.6,0.633
A_RESET_CURRENT,pre,2.3000000000000003,2515711,0.7,0.6821067810383403,0.7833583354949951,0.0,1,0.021598052946695034,0.6,0.633
A_RESET_CURRENT,pre,2.32,2515712,0.7,0.6856997967098035,0.7802092432975769,0.0,1,0.01789321896165963,0.6,0.633
A_RESET_CURRENT,pre,2.34,2515713,0.7,0.6891803264955834,0.7771551609039307,0.0,1,0.014300203290196434,0.6,0.633
A_RESET_CURRENT,pre,2.36,2515714,0.7,0.6925484657633401,0.7741967439651489,0.0,1,0.010819673504416594,0.6,0.633
A_RESET_CURRENT,pre,2.38,2515715,0.7,0.6958044052477552,0.7713338136672974,0.0,1,0.007451534236659896,0.6,0.633
A_RESET_CURRENT,pre,2.4,2515716,0.7,0.6989489555723155,0.7685662508010864,0.0,1,0.004195594752244736,0.6,0.633
A_RESET_CURRENT,pre,2.42,2515717,0.7,0.7019828796762616,0.7658933997154236,0.0,1,0.0010510444276844444,0.6,0.633
A_RESET_CURRENT,pre,2.44,2515718,0.7,0.7049075603871733,0.7633058428764343,0.0,1,-0.0019828796762616507,0.5999603424064748,0.633
A_RESET_CURRENT,pre,2.46,2515719,0.7,0.7077244759007708,0.7607982754707336,0.0,1,-0.004907560387173326,0.5998621911987313,0.633
A_RESET_CURRENT,pre,2.48,2515720,0.7,0.7104350567282599,0.7583698630332947,0.0,1,-0.007724475900770855,0.5997077016807159,0.633
A_RESET_CURRENT,pre,2.5,2515721,0.7,0.7130411148507214,0.7560200095176697,0.0,1,-0.01043505672825995,0.5994990005461507,0.633
A_RESET_CURRENT,decel,0.02,2515722,0.5,0.7154067993617963,0.0,0.1704328954219818,1,-0.2130411148507214,0.0,0.515
A_RESET_CURRENT,decel,0.04,2515723,0.5,0.7168092728124731,0.0,0.17232543230056763,1,-0.2154067993617963,0.0,0.515
A_RESET_CURRENT,decel,0.06,2515724,0.5,0.7171031952364229,0.0,0.1734474152326584,1,-0.2168092728124731,0.0,0.515
A_RESET_CURRENT,decel,0.08,2515725,0.5,0.7161412716344339,0.0,0.1736825555562973,1,-0.21710319523642285,0.0,0.515
A_RESET_CURRENT,decel,0.1,2515726,0.5,0.7138417721172303,0.0,0.17291301488876343,1,-0.21614127163443386,0.0,0.515
A_RESET_CURRENT,decel,0.12,2515727,0.5,0.7103690624538687,0.0,0.17107342183589935,1,-0.21384177211723032,0.0,0.515
A_RESET_CURRENT,decel,0.14,2515728,0.5,0.7058627605655575,0.0,0.1682952493429184,1,-0.21036906245386866,0.0,0.515
A_RESET_CURRENT,decel,0.16,2515729,0.5,0.7004230976243571,0.0,0.16469021141529083,1,-0.20586276056555752,0.0,0.515
A_RESET_CURRENT,decel,0.18,2515730,0.5,0.6941238403396713,0.0,0.16033847630023956,1,-0.20042309762435706,0.0,0.515
A_RESET_CURRENT,decel,0.2,2515731,0.5,0.6870246410404638,0.0,0.15529906749725342,1,-0.19412384033967134,0.0,0.515
A_RESET_CURRENT,decel,0.22,2515732,0.5,0.679179477692865,0.0,0.1496197134256363,1,-0.1870246410404638,0.0,0.515
A_RESET_CURRENT,decel,0.24,2515733,0.5,0.6706445693972617,0.0,0.14334358274936676,1,-0.17917947769286502,0.0,0.515
A_RESET_CURRENT,decel,0.26,2515734,0.5,0.6614834308624731,0.0,0.13651566207408905,1,-0.1706445693972617,0.0,0.515
A_RESET_CURRENT,decel,0.28,2515735,0.5,0.6517683506012161,0.0,0.129186749458313,1,-0.16148343086247308,0.0,0.515
A_RESET_CURRENT,decel,0.3,2515736,0.5,0.6415822505952155,0.0,0.1214146837592125,1,-0.15176835060121607,0.0,0.515
A_RESET_CURRENT,decel,0.32,2515737,0.5,0.6310160160072181,0.0,0.11326579749584198,1,-0.14158225059521545,0.0,0.515
A_RESET_CURRENT,decel,0.34,2515738,0.5,0.6201646804839623,0.0,0.10481281578540802,1,-0.13101601600721813,0.0,0.515
A_RESET_CURRENT,decel,0.36,2515739,0.5,0.6091217041105976,0.0,0.09613174200057983,1,-0.12016468048396234,0.0,0.515
A_RESET_CURRENT,decel,0.38,2515740,0.5,0.5979735374680815,0.0,0.08729736506938934,1,-0.10912170411059763,0.0,0.515
A_RESET_CURRENT,decel,0.4,2515741,0.5,0.586794853262999,0.0,0.078378826379776,1,-0.09797353746808146,0.0,0.515
A_RESET_CURRENT,decel,0.42,2515742,0.5,0.5756445408979126,0.0,0.06943587958812714,1,-0.08679485326299896,0.0,0.515
A_RESET_CURRENT,decel,0.44,2515743,0.5,0.5645660879446937,0.0,0.0605156309902668,1,-0.07564454089791262,0.0,0.515
A_RESET_CURRENT,decel,0.46,2515744,0.5,0.5535886768733382,0.0,0.05165287107229233,1,-0.06456608794469365,0.0,0.515
A_RESET_CURRENT,decel,0.48,2515745,0.5,0.5427298553374977,0.0,0.04287094250321388,1,-0.05358867687333824,0.0,0.515
A_RESET_CURRENT,decel,0.5,2515746,0.5,0.5319993985419097,0.0,0.03418388590216637,1,-0.042729855337497735,0.0,0.515
A_RESET_CURRENT,decel,0.52,2515747,0.5,0.521400644369888,0.0,0.025599518790841103,1,-0.031999398541909696,0.0,0.515
A_RESET_CURRENT,decel,0.54,2515748,0.5,0.5109460859163157,0.4967152774333954,0.0,1,-0.021400644369887978,-0.00042801288739775957,0.515
A_RESET_CURRENT,decel,0.56,2515749,0.5,0.5009880103573205,0.5055534839630127,0.0,1,-0.01094608591631574,-0.0006469346057240744,0.515
A_RESET_CURRENT,decel,0.58,2515750,0.5,0.48758483240865996,0.5140135288238525,0.0,1,-0.0009880103573205457,-0.0006666948128704852,0.515
A_RESET_CURRENT,decel,0.6,2515751,0.5,0.4763039605395041,0.5254608392715454,0.0,1,0.012415167591340037,-0.0004183914610436845,0.515
A_RESET_CURRENT,decel,0.62,2515752,0.5,0.46671032999580897,0.535153865814209,0.0,1,0.02369603946049592,5.552932816623395e-05,0.515
A_RESET_CURRENT,decel,0.64,2515753,0.5,0.4586895471513519,0.5434548854827881,0.0,1,0.03328967000419103,0.0007213227282500546,0.515
A_RESET_CURRENT,decel,0.66,2515754,0.5,0.452064514522177,0.550454318523407,0.0,1,0.041310452848648094,0.0015475317852230164,0.515
A_RESET_CURRENT,decel,0.68,2515755,0.5,0.44666390444001774,0.5562965273857117,0.0,1,0.047935485477823,0.0025062414947794763,0.515
A_RESET_CURRENT,decel,0.7000000000000001,2515756,0.5,0.44232544917878575,0.5611217617988586,0.0,1,0.053336095559982255,0.003572963405979121,0.515
A_RESET_CURRENT,decel,0.72,2515757,0.5,0.43889932648192237,0.5650631785392761,0.0,1,0.057674550821214254,0.004726454422403406,0.515
A_RESET_CURRENT,decel,0.74,2515758,0.5,0.4362484456546298,0.568244218826294,0.0,1,0.06110067351807763,0.005948467892764959,0.515
A_RESET_CURRENT,decel,0.76,2515759,0.5,0.4342508317434032,0.5707780122756958,0.0,1,0.06375155434537022,0.007223498979672363,0.515
A_RESET_CURRENT,decel,0.78,2515760,0.5,0.4327998639559558,0.5727652311325073,0.0,1,0.06574916825659682,0.0085384823448043,0.515
A_RESET_CURRENT,decel,0.8,2515761,0.5,0.4318036080852252,0.5742942690849304,0.0,1,0.06720013604404418,0.009882485065685183,0.515
A_RESET_CURRENT,decel,0.8200000000000001,2515762,0.5,0.43118281379301326,0.5754411220550537,0.0,1,0.06819639191477478,0.01124641290398068,0.515
A_RESET_CURRENT,decel,0.84,2515763,0.5,0.4308701516707183,0.5762715935707092,0.0,1,0.06881718620698674,0.012622756628120414,0.515
A_RESET_CURRENT,decel,0.86,2515764,0.5,0.43080868736108513,0.5768415331840515,0.0,1,0.0691298483292817,0.014005353594706048,0.515
A_RESET_CURRENT,decel,0.88,2515765,0.5,0.43094983115720364,0.5771982073783875,0.0,1,0.06919131263891487,0.015389179847484346,0.515
A_RESET_CURRENT,decel,0.9,2515766,0.5,0.4312526704305678,0.5773820877075195,0.0,1,0.06905016884279636,0.016770183224340273,0.515
A_RESET_CURRENT,decel,0.92,2515767,0.5,0.43168368352969233,0.5774271488189697,0.0,1,0.06874732956943219,0.018145129815728918,0.515
A_RESET_CURRENT,decel,0.9400000000000001,2515768,0.5,0.4322149277972132,0.5773614048957825,0.0,1,0.06831631647030767,0.01951145614513507,0.515
A_RESET_CURRENT,decel,0.96,2515769,0.5,0.4328236104176747,0.5772081017494202,0.0,1,0.06778507220278679,0.020867157589190805,0.515
A_RESET_CURRENT,decel,0.98,2515770,0.5,0.433490944008094,0.5769862532615662,0.0,1,0.0671763895823253,0.02221068538083731,0.515
A_RESET_CURRENT,decel,1.0,2515771,0.5,0.43420147904479023,0.5767117142677307,0.0,1,0.06650905599190599,0.02354086650067543,0.515
A_RESET_CURRENT,decel,1.02,2515772,0.5,0.4349427223948732,0.5763972401618958,0.0,1,0.06579852095520977,0.024856836919779624,0.515
A_RESET_CURRENT,decel,1.04,2515773,0.5,0.43570432669228243,0.5760534405708313,0.0,1,0.0650572776051268,0.02615798247188216,0.515
A_RESET_CURRENT,decel,1.06,2515774,0.5,0.4364780426545088,0.5756889581680298,0.0,1,0.06429567330771757,0.027443895938036512,0.515
A_RESET_CURRENT,decel,1.08,2515775,0.5,0.4372572422452549,0.5753108263015747,0.0,1,0.06352195734549121,0.028714335084946335,0.515
A_RESET_CURRENT,decel,1.1,2515776,0.5,0.43803653720459684,0.5749245882034302,0.0,1,0.06274275775474508,0.029969190240041237,0.515
A_RESET_CURRENT,decel,1.12,2515777,0.5,0.4388117790492997,0.5745348334312439,0.0,1,0.06196346279540316,0.0312084594959493,0.515
A_RESET_CURRENT,decel,1.1400000000000001,2515778,0.5,0.43957953455175974,0.5741450786590576,0.0,1,0.06118822095070031,0.03243222391496331,0.515
A_RESET_CURRENT,decel,1.16,2515779,0.5,0.4403374672097729,0.5737583637237549,0.0,1,0.06042046544824026,0.033640633223928115,0.515
A_RESET_CURRENT,decel,1.18,2515780,0.5,0.4410834789398928,0.5733765959739685,0.0,1,0.059662532790227096,0.03483388387973266,0.515
A_RESET_CURRENT,decel,1.2,2515781,0.5,0.4418162345977207,0.5730017423629761,0.0,1,0.058916521060107196,0.0360122143009348,0.515
A_RESET_CURRENT,decel,1.22,2515782,0.5,0.44253463745780486,0.5726348757743835,0.0,1,0.05818376540227932,0.037175889608980384,0.515
A_RESET_CURRENT,decel,1.24,2515783,0.5,0.44323806763169493,0.5722771286964417,0.0,1,0.05746536254219514,0.03832519685982429,0.515
A_RESET_CURRENT,decel,1.26,2515784,0.5,0.4439259529147205,0.5719289183616638,0.0,1,0.05676193236830507,0.03946043550719039,0.515
A_RESET_CURRENT,decel,1.28,2515785,0.5,0.4445982456230274,0.5715909600257874,0.0,1,0.05607404708527952,0.04058191644889598,0.515
A_RESET_CURRENT,decel,1.3,2515786,0.5,0.44525485038912266,0.5712632536888123,0.0,1,0.05540175437697259,0.041689951536435434,0.515
A_RESET_CURRENT,decel,1.32,2515787,0.5,0.4458958148966615,0.5709460377693176,0.0,1,0.05474514961087734,0.04278485452865298,0.515
A_RESET_CURRENT,decel,1.34,2515788,0.5,0.44652137756413435,0.5706393122673035,0.0,1,0.054104185103338476,0.04386693823071975,0.515
A_RESET_CURRENT,decel,1.36,2515789,0.5,0.4471316814426646,0.5703428387641907,0.0,1,0.05347862243586565,0.04493651067943706,0.515
A_RESET_CURRENT,decel,1.3800000000000001,2515790,0.5,0.4477271556856568,0.5700567364692688,0.0,1,0.052868318557335425,0.04599387705058377,0.515
A_RESET_CURRENT,decel,1.4000000000000001,2515791,0.5,0.4483080387116726,0.5697805881500244,0.0,1,0.0522728443143432,0.04703933393687063,0.515
A_RESET_CURRENT,decel,1.42,2515792,0.5,0.44887475967413176,0.569514274597168,0.0,1,0.051691961288327426,0.04807317316263718,0.515
A_RESET_CURRENT,decel,1.44,2515793,0.5,0.4494276523590342,0.5692574977874756,0.0,1,0.05112524032586824,0.049095677969154546,0.515
A_RESET_CURRENT,decel,1.46,2515794,0.5,0.4499671936035238,0.5690100789070129,0.0,1,0.0505723476409658,0.05010712492197386,0.515
A_RESET_CURRENT,decel,1.48,2515795,0.5,0.4504938602447523,0.5687716007232666,0.0,1,0.050032806396476226,0.051107781049903385,0.515
A_RESET_CURRENT,decel,1.5,2515796,0.5,0.4510078430175781,0.5685417652130127,0.0,1,0.0495061397552477,0.05209790384500834,0.515
A_RESET_CURRENT,decel,1.52,2515797,0.5,0.4515098094940198,0.5683204531669617,0.0,1,0.048992156982421875,0.05307774698465678,0.515
A_RESET_CURRENT,decel,1.54,2515798,0.5,0.4519999504089388,0.5681071281433105,0.0,1,0.04849019050598019,0.05404755079477638,0.515
A_RESET_CURRENT,decel,1.56,2515799,0.5,0.4524787425994911,0.5679017305374146,0.0,1,0.04800004959106119,0.05500755178659761,0.515
A_RESET_CURRENT,decel,1.58,2515800,0.5,0.4529465198516899,0.5677038431167603,0.0,1,0.04752125740050889,0.05595797693460779,0.515
A_RESET_CURRENT,decel,1.6,2515801,0.5,0.45340361595154344,0.5675132274627686,0.0,1,0.04705348014831012,0.05689904653757399,0.515
A_RESET_CURRENT,decel,1.62,2515802,0.5,0.45385050773621155,0.5673297643661499,0.0,1,0.04659638404845656,0.05783097421854312,0.515
A_RESET_CURRENT,decel,1.6400000000000001,2515803,0.5,0.4542873382568399,0.5671529173851013,0.0,1,0.04614949226378845,0.05875396406381889,0.515
A_RESET_CURRENT,decel,1.6600000000000001,2515804,0.5,0.45471458435058987,0.5669827461242676,0.0,1,0.04571266174316008,0.059668217298682096,0.515
A_RESET_CURRENT,decel,1.68,2515805,0.5,0.4551324844360364,0.56681889295578,0.0,1,0.04528541564941013,0.0605739256116703,0.515
A_RESET_CURRENT,decel,1.7,2515806,0.5,0.4555413246154787,0.5666610598564148,0.0,1,0.04486751556396362,0.06147127592294957,0.515
A_RESET_CURRENT,decel,1.72,2515807,0.5,0.45594134330749514,0.5665091872215271,0.0,1,0.04445867538452131,0.062360449430639994,0.515
A_RESET_CURRENT,decel,1.74,2515808,0.5,0.4563328742980963,0.5663630366325378,0.0,1,0.04405865669250486,0.06324162256449009,0.515
A_RESET_CURRENT,decel,1.76,2515809,0.5,0.45671615600586113,0.5662223696708679,0.0,1,0.043667125701903675,0.06411496507852817,0.515
A_RESET_CURRENT,decel,1.78,2515810,0.5,0.4570915222168007,0.566087007522583,0.0,1,0.04328384399413887,0.06498064195841094,0.515
A_RESET_CURRENT,decel,1.8,2515811,0.5,0.4574590682983451,0.5659567713737488,0.0,1,0.042908477783199284,0.06583881151407492,0.515
A_RESET_CURRENT,decel,1.82,2515812,0.5,0.45781908035278873,0.5658314824104309,0.0,1,0.042540931701654905,0.06668963014810801,0.515
A_RESET_CURRENT,decel,1.84,2515813,0.5,0.4581717967987128,0.5657110810279846,0.0,1,0.04218091964721127,0.06753324854105223,0.515
A_RESET_CURRENT,decel,1.86,2515814,0.5,0.4585174560546985,0.5655953288078308,0.0,1,0.04182820320128722,0.06836981260507798,0.515
A_RESET_CURRENT,decel,1.8800000000000001,2515815,0.5,0.45885620117189224,0.5654840469360352,0.0,1,0.04148254394530149,0.06919946348398401,0.515
A_RESET_CURRENT,decel,1.9000000000000001,2515816,0.5,0.4591882228851554,0.5653771162033081,0.0,1,0.04114379882810776,0.07002233946054616,0.515
A_RESET_CURRENT,decel,1.92,2515817,0.5,0.45951371192935164,0.5652744770050049,0.0,1,0.04081177711484463,0.07083857500284305,0.515
A_RESET_CURRENT,decel,1.94,2515818,0.5,0.45983295440677174,0.5651759505271912,0.0,1,0.04048628807064836,0.07164830076425602,0.515
A_RESET_CURRENT,decel,1.96,2515819,0.5,0.46014599800113964,0.5650813579559326,0.0,1,0.04016704559322826,0.07245164167612059,0.515
A_RESET_CURRENT,decel,1.98,2515820,0.5,0.4604529857635991,0.5649906396865845,0.0,1,0.039854001998860356,0.0732487217160978,0.515
A_RESET_CURRENT,decel,2.0,2515821,0.5,0.46075415611272785,0.5649036765098572,0.0,1,0.03954701423640089,0.07403966200082582,0.515
B_KEEP_I_DECAY_097,stop,0.02,2515825,0.0,0.0,0.0,1.0,0,0.0,0.0,0.0
B_KEEP_I_DECAY_097,stop,0.04,2515826,0.0,0.0,0.0,1.0,0,0.0,0.0,0.0
B_KEEP_I_DECAY_097,stop,0.06,2515827,0.0,0.0,0.0,1.0,0,0.0,0.0,0.0
B_KEEP_I_DECAY_097,stop,0.08,2515828,0.0,0.0,0.0,1.0,0,0.0,0.0,0.0
B_KEEP_I_DECAY_097,stop,0.1,2515829,0.0,0.0,0.0,1.0,0,0.0,0.0,0.0
B_KEEP_I_DECAY_097,stop,0.12,2515830,0.0,0.0,0.0,1.0,0,0.0,0.0,0.0
B_KEEP_I_DECAY_097,stop,0.14,2515831,0.0,0.0,0.0,1.0,0,0.0,0.0,0.0
B_KEEP_I_DECAY_097,stop,0.16,2515832,0.0,0.0,0.0,1.0,0,0.0,0.0,0.0
B_KEEP_I_DECAY_097,stop,0.18,2515833,0.0,0.0,0.0,1.0,0,0.0,0.0,0.0
B_KEEP_I_DECAY_097,stop,0.2,2515834,0.0,0.0,0.0,1.0,0,0.0,0.0,0.0
B_KEEP_I_DECAY_097,stop,0.22,2515835,0.0,0.0,0.0,1.0,0,0.0,0.0,0.0
B_KEEP_I_DECAY_097,stop,0.24,2515836,0.0,0.0,0.0,1.0,0,0.0,0.0,0.0
B_KEEP_I_DECAY_097,stop,0.26,2515837,0.0,0.0,0.0,1.0,0,0.0,0.0,0.0
B_KEEP_I_DECAY_097,stop,0.28,2515838,0.0,0.0,0.0,1.0,0,0.0,0.0,0.0
B_KEEP_I_DECAY_097,stop,0.3,2515839,0.0,0.0,0.0,1.0,0,0.0,0.0,0.0
B_KEEP_I_DECAY_097,stop,0.32,2515840,0.0,0.0,0.0,1.0,0,0.0,0.0,0.0
B_KEEP_I_DECAY_097,stop,0.34,2515841,0.0,0.0,0.0,1.0,0,0.0,0.0,0.0
B_KEEP_I_DECAY_097,stop,0.36,2515842,0.0,0.0,0.0,1.0,0,0.0,0.0,0.0
B_KEEP_I_DECAY_097,stop,0.38,2515843,0.0,0.0,0.0,1.0,0,0.0,0.0,0.0
B_KEEP_I_DECAY_097,stop,0.4,2515844,0.0,0.0,0.0,1.0,0,0.0,0.0,0.0
B_KEEP_I_DECAY_097,stop,0.42,2515845,0.0,0.0,0.0,1.0,0,0.0,0.0,0.0
B_KEEP_I_DECAY_097,stop,0.44,2515846,0.0,0.0,0.0,1.0,0,0.0,0.0,0.0
B_KEEP_I_DECAY_097,stop,0.46,2515847,0.0,0.0,0.0,1.0,0,0.0,0.0,0.0
B_KEEP_I_DECAY_097,stop,0.48,2515848,0.0,0.0,0.0,1.0,0,0.0,0.0,0.0
B_KEEP_I_DECAY_097,stop,0.5,2515849,0.0,0.0,0.0,1.0,0,0.0,0.0,0.0
B_KEEP_I_DECAY_097,stop,0.52,2515850,0.0,0.0,0.0,1.0,0,0.0,0.0,0.0
B_KEEP_I_DECAY_097,stop,0.54,2515851,0.0,0.0,0.0,1.0,0,0.0,0.0,0.0
B_KEEP_I_DECAY_097,stop,0.56,2515852,0.0,0.0,0.0,1.0,0,0.0,0.0,0.0
B_KEEP_I_DECAY_097,stop,0.58,2515853,0.0,0.0,0.0,1.0,0,0.0,0.0,0.0
B_KEEP_I_DECAY_097,stop,0.6,2515854,0.0,0.0,0.0,1.0,0,0.0,0.0,0.0
B_KEEP_I_DECAY_097,stop,0.62,2515855,0.0,0.0,0.0,1.0,0,0.0,0.0,0.0
B_KEEP_I_DECAY_097,stop,0.64,2515856,0.0,0.0,0.0,1.0,0,0.0,0.0,0.0
B_KEEP_I_DECAY_097,stop,0.66,2515857,0.0,0.0,0.0,1.0,0,0.0,0.0,0.0
B_KEEP_I_DECAY_097,stop,0.68,2515858,0.0,0.0,0.0,1.0,0,0.0,0.0,0.0
B_KEEP_I_DECAY_097,stop,0.7000000000000001,2515859,0.0,0.0,0.0,1.0,0,0.0,0.0,0.0
B_KEEP_I_DECAY_097,stop,0.72,2515860,0.0,0.0,0.0,1.0,0,0.0,0.0,0.0
B_KEEP_I_DECAY_097,stop,0.74,2515861,0.0,0.0,0.0,1.0,0,0.0,0.0,0.0
B_KEEP_I_DECAY_097,stop,0.76,2515862,0.0,0.0,0.0,1.0,0,0.0,0.0,0.0
B_KEEP_I_DECAY_097,stop,0.78,2515863,0.0,0.0,0.0,1.0,0,0.0,0.0,0.0
B_KEEP_I_DECAY_097,stop,0.8,2515864,0.0,0.0,0.0,1.0,0,0.0,0.0,0.0
B_KEEP_I_DECAY_097,stop,0.8200000000000001,2515865,0.0,0.0,0.0,1.0,0,0.0,0.0,0.0
B_KEEP_I_DECAY_097,stop,0.84,2515866,0.0,0.0,0.0,1.0,0,0.0,0.0,0.0
B_KEEP_I_DECAY_097,stop,0.86,2515867,0.0,0.0,0.0,1.0,0,0.0,0.0,0.0
B_KEEP_I_DECAY_097,stop,0.88,2515868,0.0,0.0,0.0,1.0,0,0.0,0.0,0.0
B_KEEP_I_DECAY_097,stop,0.9,2515869,0.0,0.003983581443205829,0.0,1.0,0,0.0,0.0,0.0
B_KEEP_I_DECAY_097,stop,0.92,2515870,0.0,0.01998720472424225,0.0,1.0,0,-0.003983581443205829,0.0,0.0
B_KEEP_I_DECAY_097,stop,0.9400000000000001,2515871,0.0,0.026580814140935514,0.0,1.0,0,-0.01998720472424225,0.0,0.0
B_KEEP_I_DECAY_097,stop,0.96,2515872,0.0,0.01815142336495281,0.0,1.0,0,-0.026580814140935514,0.0,0.0
B_KEEP_I_DECAY_097,stop,0.98,2515873,0.0,0.011893734987774103,0.0,1.0,0,-0.01815142336495281,0.0,0.0
B_KEEP_I_DECAY_097,stop,1.0,2515874,0.0,0.007005072307122518,0.0,1.0,0,-0.011893734987774103,0.0,0.0
B_KEEP_I_DECAY_097,pre,0.02,2515875,0.7,0.003446401926163309,1.0,0.0,0,0.6929949276928774,0.013859898553857549,0.633
B_KEEP_I_DECAY_097,pre,0.04,2515876,0.7,0.0012572181762704868,1.0,0.0,0,0.6965535980738367,0.02779097051533428,0.633
B_KEEP_I_DECAY_097,pre,0.06,2515877,0.7,0.0016817045530779773,1.0,0.0,0,0.6987427818237295,0.04176582615180887,0.633
B_KEEP_I_DECAY_097,pre,0.08,2515878,0.7,0.0027931161964652434,1.0,0.0,0,0.698318295446922,0.05573219206074731,0.633
B_KEEP_I_DECAY_097,pre,0.1,2515879,0.7,0.0035750251256930128,1.0,0.0,0,0.6972068838035347,0.069676329736818,0.633
B_KEEP_I_DECAY_097,pre,0.12,2515880,0.7,0.004036231513576292,1.0,0.0,0,0.696424974874307,0.08360482923430415,0.633
B_KEEP_I_DECAY_097,pre,0.14,2515881,0.7,0.004245182610400603,1.0,0.0,0,0.6959637684864237,0.09752410460403263,0.633
B_KEEP_I_DECAY_097,pre,0.16,2515882,0.7,0.004265781317587058,1.0,0.0,0,0.6957548173895993,0.11143920095182462,0.633
B_KEEP_I_DECAY_097,pre,0.18,2515883,0.7,0.004151238144332258,1.0,0.0,0,0.6957342186824129,0.12535388532547287,0.633
B_KEEP_I_DECAY_097,pre,0.2,2515884,0.7,0.003944049960250567,1.0,0.0,0,0.6958487618556677,0.13927086056258622,0.633
B_KEEP_I_DECAY_097,pre,0.22,2515885,0.7,0.003677385315247819,1.0,0.0,0,0.6960559500397494,0.1531919795633812,0.633
B_KEEP_I_DECAY_097,pre,0.24,2515886,0.7,0.0033767976781477575,1.0,0.0,0,0.6963226146847521,0.16711843185707626,0.633
B_KEEP_I_DECAY_097,pre,0.26,2515887,0.7,0.0030613763868573233,1.0,0.0,0,0.6966232023218522,0.1810508959035133,0.633
B_KEEP_I_DECAY_097,pre,0.28,2515888,0.7,0.0027451013096508855,1.0,0.0,0,0.6969386236131426,0.19498966837577617,0.633
B_KEEP_I_DECAY_097,pre,0.3,2515889,0.7,0.002437967384781181,1.0,0.0,0,0.6972548986903491,0.20893476634958313,0.633
B_KEEP_I_DECAY_097,pre,0.32,2515890,0.7,0.002146743023191239,1.0,0.0,0,0.6975620326152188,0.22288600700188752,0.633
B_KEEP_I_DECAY_097,pre,0.34,2515891,0.7,0.0018756960362001397,1.0,0.0,0,0.6978532569768087,0.2368430721414237,0.633
B_KEEP_I_DECAY_097,pre,0.36,2515892,0.7,0.0016271477436462383,1.0,0.0,0,0.6981243039637998,0.25080555822069966,0.633
B_KEEP_I_DECAY_097,pre,0.38,2515893,0.7,0.0014021800830502495,1.0,0.0,0,0.6983728522563537,0.26477301526582675,0.633
B_KEEP_I_DECAY_097,pre,0.4,2515894,0.7,0.001200651150582877,1.0,0.0,0,0.6985978199169497,0.27874497166416573,0.633
B_KEEP_I_DECAY_097,pre,0.42,2515895,0.7,0.0010219178501140371,1.0,0.0,0,0.6987993488494171,0.29272095864115405,0.633
B_KEEP_I_DECAY_097,pre,0.44,2515896,0.7,0.0008646717392612951,1.0,0.0,0,0.6989780821498859,0.3067005202841518,0.633
B_KEEP_I_DECAY_097,pre,0.46,2515897,0.7,0.0007273947908342412,1.0,0.0,0,0.6991353282607387,0.32068322684936656,0.633
B_KEEP_I_DECAY_097,pre,0.48,2515898,0.7,0.0006084412808857991,1.0,0.0,0,0.6992726052091657,0.3346686789535499,0.633
B_KEEP_I_DECAY_097,pre,0.5,2515899,0.7,0.0005060409467185633,1.0,0.0,0,0.6993915587191142,0.3486565101279322,0.633
B_KEEP_I_DECAY_097,pre,0.52,2515900,0.7,0.00041841221556036134,1.0,0.0,0,0.6994939590532814,0.36264638930899784,0.633
B_KEEP_I_DECAY_097,pre,0.54,2515901,0.7,0.0003439443808892684,1.0,0.0,0,0.6995815877844396,0.37663802106468663,0.633
B_KEEP_I_DECAY_097,pre,0.56,2515902,0.7,0.0002809712772151556,1.0,0.0,0,0.6996560556191107,0.39063114217706885,0.633
B_KEEP_I_DECAY_097,pre,0.58,2515903,0.7,0.0002280317370056602,1.0,0.0,0,0.6997190287227848,0.4046255227515245,0.633
B_KEEP_I_DECAY_097,pre,0.6,2515904,0.7,0.00018381720298654784,1.0,0.0,0,0.6997719682629943,0.4186209621167844,0.633
B_KEEP_I_DECAY_097,pre,0.62,2515905,0.7,0.00014708884314620368,1.0,0.0,0,0.6998161827970134,0.4326172857727247,0.633
B_KEEP_I_DECAY_097,pre,0.64,2515906,0.7,0.00011683758380792838,1.0,0.0,0,0.6998529111568538,0.44661434399586175,0.633
B_KEEP_I_DECAY_097,pre,0.66,2515907,0.7,9.207128938002512e-05,1.0,0.0,0,0.699883162416192,0.4606120072441856,0.633
B_KEEP_I_DECAY_097,pre,0.68,2515908,0.7,7.188597660825825e-05,1.0,0.0,0,0.6999079287106199,0.474610165818398,0.633
B_KEEP_I_DECAY_097,pre,0.7000000000000001,2515909,0.7,5.5636499514612494e-05,1.0,0.0,0,0.6999281140233917,0.4886087280988658,0.633
B_KEEP_I_DECAY_097,pre,0.72,2515910,0.7,4.264337525905352e-05,1.0,0.0,0,0.6999443635004854,0.5026076153688755,0.633
B_KEEP_I_DECAY_097,pre,0.74,2515911,0.7,3.2391904430805485e-05,1.0,0.0,0,0.6999573566247409,0.5166067625013704,0.633
B_KEEP_I_DECAY_097,pre,0.76,2515912,0.7,2.4405311790318018e-05,1.0,0.0,0,0.6999676080955691,0.5306061146632818,0.633
B_KEEP_I_DECAY_097,pre,0.78,2515913,0.7,1.832520593156819e-05,1.0,0.0,0,0.6999755946882097,0.544605626557046,0.633
B_KEEP_I_DECAY_097,pre,0.8,2515914,0.7,1.386455898663868e-05,1.0,0.0,0,0.6999816747940684,0.5586052600529274,0.633
B_KEEP_I_DECAY_097,pre,0.8200000000000001,2515915,0.7,1.0707881605360012e-05,1.0,0.0,0,0.6999861354410133,0.5726049827617476,0.633
B_KEEP_I_DECAY_097,pre,0.84,2515916,0.7,8.648796700463393e-06,1.0,0.0,0,0.6999892921183946,0.5866047686041156,0.633
B_KEEP_I_DECAY_097,pre,0.86,2515917,0.7,7.3886727780105416e-06,1.0,0.0,0,0.6999913512032995,0.6,0.633
B_KEEP_I_DECAY_097,pre,0.88,2515918,0.7,6.640818772574888e-06,1.0,0.0,0,0.6999926113272219,0.6,0.633
B_KEEP_I_DECAY_097,pre,0.9,2515919,0.7,6.202418784294622e-06,1.0,0.0,0,0.6999933591812274,0.6,0.633
B_KEEP_I_DECAY_097,pre,0.92,2515920,0.7,0.0,1.0,0.0,0,0.6999937975812157,0.6,0.633
B_KEEP_I_DECAY_097,pre,0.9400000000000001,2515921,0.7,2.4047880384400944e-06,1.0,0.0,0,0.7,0.6,0.633
B_KEEP_I_DECAY_097,pre,0.96,2515922,0.7,2.9783583926509783e-06,1.0,0.0,0,0.6999975952119615,0.6,0.633
B_KEEP_I_DECAY_097,pre,0.98,2515923,0.7,3.224433393524613e-06,1.0,0.0,0,0.6999970216416073,0.6,0.633
B_KEEP_I_DECAY_097,pre,1.0,2515924,0.7,3.205771260331307e-06,1.0,0.0,0,0.6999967755666064,0.6,0.633
B_KEEP_I_DECAY_097,pre,1.02,2515925,0.7,0.02441676709385187,1.0,0.0,0,0.6999967942287396,0.6,0.633
B_KEEP_I_DECAY_097,pre,1.04,2515926,0.7,0.0730955246860571,1.0,0.0,1,0.6755832329061481,0.6,0.633
B_KEEP_I_DECAY_097,pre,1.06,2515927,0.7,0.11934708485153762,1.0,0.0,1,0.6269044753139429,0.6,0.633
B_KEEP_I_DECAY_097,pre,1.08,2515928,0.7,0.1620844743006149,1.0,0.0,1,0.5806529151484623,0.6,0.633
B_KEEP_I_DECAY_097,pre,1.1,2515929,0.7,0.20099957263776283,1.0,0.0,1,0.537915525699385,0.6,0.633
B_KEEP_I_DECAY_097,pre,1.12,2515930,0.7,0.23615050631052764,1.0,0.0,1,0.49900042736223715,0.6,0.633
B_KEEP_I_DECAY_097,pre,1.1400000000000001,2515931,0.7,0.2678518089029834,1.0,0.0,1,0.4638494936894723,0.6,0.633
B_KEEP_I_DECAY_097,pre,1.16,2515932,0.7,0.29645059398754203,1.0,0.0,1,0.4321481910970166,0.6,0.633
B_KEEP_I_DECAY_097,pre,1.18,2515933,0.7,0.3222284101808801,1.0,0.0,1,0.4035494060124579,0.6,0.633
B_KEEP_I_DECAY_097,pre,1.2,2515934,0.7,0.34549181626024633,1.0,0.0,1,0.37777158981911985,0.6,0.633
B_KEEP_I_DECAY_097,pre,1.22,2515935,0.7,0.3665465365069859,1.0,0.0,1,0.3545081837397536,0.6,0.633
B_KEEP_I_DECAY_097,pre,1.24,2515936,0.7,0.3856797461879059,1.0,0.0,1,0.3334534634930141,0.6,0.633
B_KEEP_I_DECAY_097,pre,1.26,2515937,0.7,0.4031517984315012,1.0,0.0,1,0.31432025381209405,0.6,0.633
B_KEEP_I_DECAY_097,pre,1.28,2515938,0.7,0.4191945076222662,1.0,0.0,1,0.2968482015684988,0.6,0.633
B_KEEP_I_DECAY_097,pre,1.3,2515939,0.7,0.43401122094214883,1.0,0.0,1,0.2808054923777338,0.6,0.633
B_KEEP_I_DECAY_097,pre,1.32,2515940,0.7,0.4477673054813406,0.9910904765129089,0.0,1,0.2659887790578511,0.6,0.633
B_KEEP_I_DECAY_097,pre,1.34,2515941,0.7,0.4605864527603907,0.9793977737426758,0.0,1,0.2522326945186594,0.6,0.633
B_KEEP_I_DECAY_097,pre,1.36,2515942,0.7,0.47257127809992366,0.9685015082359314,0.0,1,0.23941354723960928,0.6,0.633
B_KEEP_I_DECAY_097,pre,1.3800000000000001,2515943,0.7,0.48381214211434764,0.9583144187927246,0.0,1,0.2274287219000763,0.6,0.633
B_KEEP_I_DECAY_097,pre,1.4000000000000001,2515944,0.7,0.49438824743559157,0.9487596750259399,0.0,1,0.2161878578856523,0.6,0.633
B_KEEP_I_DECAY_097,pre,1.42,2515945,0.7,0.5043689261717933,0.939769983291626,0.0,1,0.2056117525644084,0.6,0.633
B_KEEP_I_DECAY_097,pre,1.44,2515946,0.7,0.5139678013793864,0.9312863945960999,0.0,1,0.19563107382820666,0.6,0.633
B_KEEP_I_DECAY_097,pre,1.46,2515947,0.7,0.5230068220678434,0.9231273531913757,0.0,1,0.1860321986206136,0.6,0.633
B_KEEP_I_DECAY_097,pre,1.48,2515948,0.7,0.5316037669771454,0.9154441952705383,0.0,1,0.17699317793215652,0.6,0.633
B_KEEP_I_DECAY_097,pre,1.5,2515949,0.7,0.5389976039997433,0.908136785030365,0.0,1,0.16839623302285456,0.6,0.633
B_KEEP_I_DECAY_097,pre,1.52,2515950,0.7,0.5421443954793825,0.901852011680603,0.0,1,0.16100239600025668,0.6,0.633
B_KEEP_I_DECAY_097,pre,1.54,2515951,0.7,0.5416110054824272,0.8991772532463074,0.0,1,0.15785560452061742,0.6,0.633
B_KEEP_I_DECAY_097,pre,1.56,2515952,0.7,0.541594602367496,0.8996306657791138,0.0,1,0.1583889945175727,0.6,0.633
B_KEEP_I_DECAY_097,pre,1.58,2515953,0.7,0.5419878023691588,0.8996446132659912,0.0,1,0.15840539763250394,0.6,0.633
B_KEEP_I_DECAY_097,pre,1.6,2515954,0.7,0.5428034800479755,0.8993103504180908,0.0,1,0.15801219763084118,0.6,0.633
B_KEEP_I_DECAY_097,pre,1.62,2515955,0.7,0.5440306204451163,0.8986170291900635,0.0,1,0.15719651995202444,0.6,0.633
B_KEEP_I_DECAY_097,pre,1.6400000000000001,2515956,0.7,0.5456528680444444,0.8975739479064941,0.0,1,0.15596937955488366,0.6,0.633
B_KEEP_I_DECAY_097,pre,1.6600000000000001,2515957,0.7,0.5476506248499539,0.8961950540542603,0.0,1,0.1543471319555556,0.6,0.633
B_KEEP_I_DECAY_097,pre,1.68,2515958,0.7,0.5500027193148862,0.8944969773292542,0.0,1,0.1523493751500461,0.6,0.633
B_KEEP_I_DECAY_097,pre,1.7,2515959,0.7,0.5526866924255955,0.892497718334198,0.0,1,0.14999728068511375,0.6,0.633
B_KEEP_I_DECAY_097,pre,1.72,2515960,0.7,0.5556790838114589,0.8902162909507751,0.0,1,0.14731330757440442,0.6,0.633
B_KEEP_I_DECAY_097,pre,1.74,2515961,0.7,0.5589558132067494,0.8876727819442749,0.0,1,0.14432091618854104,0.6,0.633
B_KEEP_I_DECAY_097,pre,1.76,2515962,0.7,0.5624924665571058,0.8848875761032104,0.0,1,0.1410441867932506,0.6,0.633
B_KEEP_I_DECAY_097,pre,1.78,2515963,0.7,0.5662645821204095,0.8818814158439636,0.0,1,0.13750753344289413,0.6,0.633
B_KEEP_I_DECAY_097,pre,1.8,2515964,0.7,0.5702471736308016,0.878675103187561,0.0,1,0.13373541787959042,0.6,0.633
B_KEEP_I_DECAY_097,pre,1.82,2515965,0.7,0.5744158747082428,0.8752899169921875,0.0,1,0.12975282636919838,0.6,0.633
B_KEEP_I_DECAY_097,pre,1.84,2515966,0.7,0.5787464620222335,0.8717464804649353,0.0,1,0.1255841252917571,0.6,0.633
B_KEEP_I_DECAY_097,pre,1.86,2515967,0.7,0.5832154274982716,0.8680655360221863,0.0,1,0.1212535379777665,0.6,0.633
B_KEEP_I_DECAY_097,pre,1.8800000000000001,2515968,0.7,0.5878000736838163,0.8642668724060059,0.0,1,0.11678457250172836,0.6,0.633
B_KEEP_I_DECAY_097,pre,1.9000000000000001,2515969,0.7,0.5924785137508486,0.8603699207305908,0.0,1,0.1121999263161837,0.6,0.633
B_KEEP_I_DECAY_097,pre,1.92,2515970,0.7,0.5972296714942507,0.8563932776451111,0.0,1,0.10752148624915137,0.6,0.633
B_KEEP_I_DECAY_097,pre,1.94,2515971,0.7,0.6020338058530471,0.8523547649383545,0.0,1,0.1027703285057493,0.6,0.633
B_KEEP_I_DECAY_097,pre,1.96,2515972,0.7,0.6068725585948938,0.8482712507247925,0.0,1,0.09796619414695285,0.6,0.633
B_KEEP_I_DECAY_097,pre,1.98,2515973,0.7,0.6117280960083098,0.8441583514213562,0.0,1,0.0931274414051062,0.6,0.633
B_KEEP_I_DECAY_097,pre,2.0,2515974,0.7,0.6165841579449669,0.8400311470031738,0.0,1,0.08827190399169016,0.6,0.633
B_KEEP_I_DECAY_097,pre,2.02,2515975,0.7,0.6214262962380201,0.8359034657478333,0.0,1,0.08341584205503305,0.6,0.633
B_KEEP_I_DECAY_097,pre,2.04,2515976,0.7,0.6262403488230569,0.831787645816803,0.0,1,0.07857370376197981,0.6,0.633
B_KEEP_I_DECAY_097,pre,2.06,2515977,0.7,0.6310141086685317,0.8276957273483276,0.0,1,0.07375965117694305,0.6,0.633
B_KEEP_I_DECAY_097,pre,2.08,2515978,0.7,0.6357361793660095,0.8236380219459534,0.0,1,0.06898589133146826,0.6,0.633
B_KEEP_I_DECAY_097,pre,2.1,2515979,0.7,0.6403964042838959,0.8196242451667786,0.0,1,0.0642638206339905,0.6,0.633
B_KEEP_I_DECAY_097,pre,2.12,2515980,0.7,0.6449859619344517,0.8156630396842957,0.0,1,0.059603595716104074,0.6,0.633
B_KEEP_I_DECAY_097,pre,2.14,2515981,0.7,0.6494967937698123,0.8117619156837463,0.0,1,0.055014038065548276,0.6,0.633
B_KEEP_I_DECAY_097,pre,2.16,2515982,0.7,0.653922081018651,0.8079277276992798,0.0,1,0.05050320623018767,0.6,0.633
B_KEEP_I_DECAY_097,pre,2.18,2515983,0.7,0.6582559109000794,0.8041662573814392,0.0,1,0.04607791898134894,0.6,0.633
B_KEEP_I_DECAY_097,pre,2.2,2515984,0.7,0.6624930858893389,0.800482451915741,0.0,1,0.041744089099920556,0.6,0.633
B_KEEP_I_DECAY_097,pre,2.22,2515985,0.7,0.6666294575030547,0.7968809008598328,0.0,1,0.037506914110661094,0.6,0.633
B_KEEP_I_DECAY_097,pre,2.24,2515986,0.7,0.6706614017789981,0.793364942073822,0.0,1,0.033370542496945266,0.6,0.633
B_KEEP_I_DECAY_097,pre,2.2600000000000002,2515987,0.7,0.6745863437963755,0.7899377942085266,0.0,1,0.02933859822100182,0.6,0.633
B_KEEP_I_DECAY_097,pre,2.2800000000000002,2515988,0.7,0.6784019470533049,0.7866016030311584,0.0,1,0.025413656203624457,0.6,0.633
B_KEEP_I_DECAY_097,pre,2.3000000000000003,2515989,0.7,0.6821067810383403,0.7833583354949951,0.0,1,0.021598052946695034,0.6,0.633
B_KEEP_I_DECAY_097,pre,2.32,2515990,0.7,0.6856997967098035,0.7802092432975769,0.0,1,0.01789321896165963,0.6,0.633
B_KEEP_I_DECAY_097,pre,2.34,2515991,0.7,0.6891803264955834,0.7771551609039307,0.0,1,0.014300203290196434,0.6,0.633
B_KEEP_I_DECAY_097,pre,2.36,2515992,0.7,0.6925484657633401,0.7741967439651489,0.0,1,0.010819673504416594,0.6,0.633
B_KEEP_I_DECAY_097,pre,2.38,2515993,0.7,0.6958044052477552,0.7713338136672974,0.0,1,0.007451534236659896,0.6,0.633
B_KEEP_I_DECAY_097,pre,2.4,2515994,0.7,0.6989489555723155,0.7685662508010864,0.0,1,0.004195594752244736,0.6,0.633
B_KEEP_I_DECAY_097,pre,2.42,2515995,0.7,0.7019828796762616,0.7658933997154236,0.0,1,0.0010510444276844444,0.6,0.633
B_KEEP_I_DECAY_097,pre,2.44,2515996,0.7,0.7049075603871733,0.7633058428764343,0.0,1,-0.0019828796762616507,0.5999603424064748,0.633
B_KEEP_I_DECAY_097,pre,2.46,2515997,0.7,0.7077244759007708,0.7607982754707336,0.0,1,-0.004907560387173326,0.5998621911987313,0.633
B_KEEP_I_DECAY_097,pre,2.48,2515998,0.7,0.7104350567282599,0.7583698630332947,0.0,1,-0.007724475900770855,0.5997077016807159,0.633
B_KEEP_I_DECAY_097,pre,2.5,2515999,0.7,0.7130411148507214,0.7560200095176697,0.0,1,-0.01043505672825995,0.5994990005461507,0.633
B_KEEP_I_DECAY_097,decel,0.02,2516000,0.5,0.7154067993617963,0.0,0.1704328954219818,1,-0.2130411148507214,0.5815140305297661,0.515
B_KEEP_I_DECAY_097,decel,0.04,2516001,0.5,0.7168092728124731,0.0,0.17232543230056763,1,-0.2154067993617963,0.5640686096138732,0.515
B_KEEP_I_DECAY_097,decel,0.06,2516002,0.5,0.7171031952364229,0.0,0.1734474152326584,1,-0.2168092728124731,0.547146551325457,0.515
B_KEEP_I_DECAY_097,decel,0.08,2516003,0.5,0.7161412716344339,0.0,0.1736825555562973,1,-0.21710319523642285,0.5307321547856932,0.515
B_KEEP_I_DECAY_097,decel,0.1,2516004,0.5,0.7138417721172303,0.0,0.17291301488876343,1,-0.21614127163443386,0.5148101901421225,0.515
B_KEEP_I_DECAY_097,decel,0.12,2516005,0.5,0.7103690624538687,0.0,0.17107342183589935,1,-0.21384177211723032,0.4993658844378588,0.515
B_KEEP_I_DECAY_097,decel,0.14,2516006,0.5,0.7058627605655575,0.0,0.1682952493429184,1,-0.21036906245386866,0.484384907904723,0.515
B_KEEP_I_DECAY_097,decel,0.16,2516007,0.5,0.7004230976243571,0.0,0.16469021141529083,1,-0.20586276056555752,0.46985336066758127,0.515
B_KEEP_I_DECAY_097,decel,0.18,2516008,0.5,0.6941238403396713,0.0,0.16033847630023956,1,-0.20042309762435706,0.4557577598475538,0.515
B_KEEP_I_DECAY_097,decel,0.2,2516009,0.5,0.6870246410404638,0.0,0.15529906749725342,1,-0.19412384033967134,0.44208502705212716,0.515
B_KEEP_I_DECAY_097,decel,0.22,2516010,0.5,0.679179477692865,0.0,0.1496197134256363,1,-0.1870246410404638,0.42882247624056335,0.515
B_KEEP_I_DECAY_097,decel,0.24,2516011,0.5,0.6706445693972617,0.0,0.14334358274936676,1,-0.17917947769286502,0.4159578019533464,0.515
B_KEEP_I_DECAY_097,decel,0.26,2516012,0.5,0.6614834308624731,0.0,0.13651566207408905,1,-0.1706445693972617,0.403479067894746,0.515
B_KEEP_I_DECAY_097,decel,0.28,2516013,0.5,0.6517683506012161,0.0,0.129186749458313,1,-0.16148343086247308,0.39137469585790363,0.515
B_KEEP_I_DECAY_097,decel,0.3,2516014,0.5,0.6415822505952155,0.0,0.1214146837592125,1,-0.15176835060121607,0.3796334549821665,0.515
B_KEEP_I_DECAY_097,decel,0.32,2516015,0.5,0.6310160160072181,0.0,0.11326579749584198,1,-0.14158225059521545,0.3682444513327015,0.515
B_KEEP_I_DECAY_097,decel,0.34,2516016,0.5,0.6201646804839623,0.0,0.10481281578540802,1,-0.13101601600721813,0.35719711779272045,0.515
B_KEEP_I_DECAY_097,decel,0.36,2516017,0.5,0.6091217041105976,0.0,0.09613174200057983,1,-0.12016468048396234,0.34648120425893886,0.515
B_KEEP_I_DECAY_097,decel,0.38,2516018,0.5,0.5979735374680815,0.0,0.08729736506938934,1,-0.10912170411059763,0.33608676813117067,0.515
B_KEEP_I_DECAY_097,decel,0.4,2516019,0.5,0.586794853262999,0.0,0.078378826379776,1,-0.09797353746808146,0.3260041650872355,0.515
B_KEEP_I_DECAY_097,decel,0.42,2516020,0.5,0.5756445408979126,0.0,0.06943587958812714,1,-0.08679485326299896,0.3162240401346184,0.515
B_KEEP_I_DECAY_097,decel,0.44,2516021,0.5,0.5645660879446937,0.0,0.0605156309902668,1,-0.07564454089791262,0.30673731893057987,0.515
B_KEEP_I_DECAY_097,decel,0.46,2516022,0.5,0.5535886768733382,0.0,0.05165287107229233,1,-0.06456608794469365,0.2975351993626625,0.515
B_KEEP_I_DECAY_097,decel,0.48,2516023,0.5,0.5427298553374977,0.0,0.04287094250321388,1,-0.05358867687333824,0.2886091433817826,0.515
B_KEEP_I_DECAY_097,decel,0.5,2516024,0.5,0.5319993985419097,0.0,0.03418388590216637,1,-0.042729855337497735,0.2799508690803291,0.515
B_KEEP_I_DECAY_097,decel,0.52,2516025,0.5,0.521400644369888,0.0,0.025599518790841103,1,-0.031999398541909696,0.27155234300791925,0.515
B_KEEP_I_DECAY_097,decel,0.54,2516026,0.5,0.5109460859163157,0.5564568042755127,0.0,1,-0.021400644369887978,0.2711243301205215,0.515
B_KEEP_I_DECAY_097,decel,0.56,2516027,0.5,0.5009880103573205,0.5652950406074524,0.0,1,-0.01094608591631574,0.2709054084021952,0.515
B_KEEP_I_DECAY_097,decel,0.58,2516028,0.5,0.48758483240865996,0.5737550258636475,0.0,1,-0.0009880103573205457,0.2708856481950488,0.515
B_KEEP_I_DECAY_097,decel,0.6,2516029,0.5,0.4763039605395041,0.5852023363113403,0.0,1,0.012415167591340037,0.2711339515468756,0.515
B_KEEP_I_DECAY_097,decel,0.62,2516030,0.5,0.4667323121887198,0.5948953628540039,0.0,1,0.02369603946049592,0.2716078723360855,0.515
B_KEEP_I_DECAY_097,decel,0.64,2516031,0.5,0.45889229831087996,0.6031776666641235,0.0,1,0.0332676878112802,0.27227322609231114,0.515
B_KEEP_I_DECAY_097,decel,0.66,2516032,0.5,0.4526142600821001,0.6100225448608398,0.0,1,0.041107701689120035,0.2730953801260935,0.515
B_KEEP_I_DECAY_097,decel,0.68,2516033,0.5,0.44770183588398815,0.6155673861503601,0.0,1,0.047385739917899905,0.2740430949244515,0.515
B_KEEP_I_DECAY_097,decel,0.7000000000000001,2516034,0.5,0.4439670087840063,0.6199730038642883,0.0,1,0.05229816411601185,0.27508905820677176,0.515
B_KEEP_I_DECAY_097,decel,0.72,2516035,0.5,0.44123349206272505,0.6233941912651062,0.0,1,0.0560329912159937,0.2762097180310916,0.515
B_KEEP_I_DECAY_097,decel,0.74,2516036,0.5,0.4393429280872576,0.6259762644767761,0.0,1,0.05876650793727495,0.2773850481898371,0.515
B_KEEP_I_DECAY_097,decel,0.76,2516037,0.5,0.4381558896653758,0.6278501152992249,0.0,1,0.06065707191274239,0.27859818962809196,0.515
B_KEEP_I_DECAY_097,decel,0.78,2516038,0.5,0.43755121246972095,0.6291311979293823,0.0,1,0.061844110334624225,0.27983507183478445,0.515
B_KEEP_I_DECAY_097,decel,0.8,2516039,0.5,0.4374248983134355,0.6299199461936951,0.0,1,0.06244878753027905,0.28108404758539,0.515
B_KEEP_I_DECAY_097,decel,0.8200000000000001,2516040,0.5,0.4376866819194178,0.6303026676177979,0.0,1,0.0625751016865645,0.28233554961912133,0.515
B_KEEP_I_DECAY_097,decel,0.84,2516041,0.5,0.43825926798293696,0.6303543448448181,0.0,1,0.062313318080582214,0.28358181598073295,0.515
B_KEEP_I_DECAY_097,decel,0.86,2516042,0.5,0.4390790464258454,0.6301392912864685,0.0,1,0.06174073201706304,0.2848166306210742,0.515
B_KEEP_I_DECAY_097,decel,0.88,2516043,0.5,0.4400935174772299,0.6297104954719543,0.0,1,0.06092095357415461,0.2860350496925573,0.515
B_KEEP_I_DECAY_097,decel,0.9,2516044,0.5,0.44125947968979445,0.6291118264198303,0.0,1,0.05990648252277009,0.2872331793430127,0.515
B_KEEP_I_DECAY_097,decel,0.92,2516045,0.5,0.44254126564478885,0.628379225730896,0.0,1,0.058740520310205546,0.2884079897492168,0.515
B_KEEP_I_DECAY_097,decel,0.9400000000000001,2516046,0.5,0.4439095498578184,0.6275424957275391,0.0,1,0.05745873435521115,0.289557164436321,0.515
B_KEEP_I_DECAY_097,decel,0.96,2516047,0.5,0.44534010900184084,0.6266262531280518,0.0,1,0.056090450142181614,0.29067897343916466,0.515
B_KEEP_I_DECAY_097,decel,0.98,2516048,0.5,0.4468130589683958,0.6256507635116577,0.0,1,0.054659890998159155,0.29177217125912785,0.515
B_KEEP_I_DECAY_097,decel,1.0,2516049,0.5,0.4483120442435692,0.6246327757835388,0.0,1,0.05318694103160421,0.29283591007975995,0.515
B_KEEP_I_DECAY_097,decel,1.02,2516050,0.5,0.44982395180626955,0.623586118221283,0.0,1,0.051687955756430815,0.29386966919488855,0.515
B_KEEP_I_DECAY_097,decel,1.04,2516051,0.5,0.45133786208594884,0.6225217580795288,0.0,1,0.05017604819373045,0.2948731901587632,0.515
B_KEEP_I_DECAY_097,decel,1.06,2516052,0.5,0.45284533506519065,0.6214490532875061,0.0,1,0.04866213791405116,0.2958464329170442,0.515
B_KEEP_I_DECAY_097,decel,1.08,2516053,0.5,0.4543394089218359,0.6203751564025879,0.0,1,0.047154664934809354,0.2967895262157404,0.515
B_KEEP_I_DECAY_097,decel,1.1,2516054,0.5,0.4558146000285057,0.6193060874938965,0.0,1,0.045660591078164114,0.2977027380373037,0.515
B_KEEP_I_DECAY_097,decel,1.12,2516055,0.5,0.4572666168508487,0.6182466149330139,0.0,1,0.04418539997149429,0.29858644603673357,0.515
B_KEEP_I_DECAY_097,decel,1.1400000000000001,2516056,0.5,0.4586921692121466,0.6172004342079163,0.0,1,0.042733383149151316,0.2994411136997166,0.515
B_KEEP_I_DECAY_097,decel,1.16,2516057,0.5,0.46008887292673606,0.6161704659461975,0.0,1,0.041307830787853383,0.3002672703154737,0.515
B_KEEP_I_DECAY_097,decel,1.18,2516058,0.5,0.4614550113805064,0.6151588559150696,0.0,1,0.03991112707326394,0.30106549285693895,0.515
B_KEEP_I_DECAY_097,decel,1.2,2516059,0.5,0.4627892017457042,0.6141672730445862,0.0,1,0.038544988619493625,0.3018363926293288,0.515
B_KEEP_I_DECAY_097,decel,1.22,2516060,0.5,0.46409068108265866,0.6131969094276428,0.0,1,0.037210798254295796,0.3025806085944147,0.515
B_KEEP_I_DECAY_097,decel,1.24,2516061,0.5,0.4653590679214652,0.6122486591339111,0.0,1,0.03590931891734134,0.3032987949727615,0.515
B_KEEP_I_DECAY_097,decel,1.26,2516062,0.5,0.46659421921085703,0.6113229393959045,0.0,1,0.0346409320785348,0.3039916136143322,0.515
B_KEEP_I_DECAY_097,decel,1.28,2516063,0.5,0.46779618263447287,0.6104200482368469,0.0,1,0.03340578078914297,0.30465972923011503,0.515
B_KEEP_I_DECAY_097,decel,1.3,2516064,0.5,0.46896524429446773,0.6095401048660278,0.0,1,0.03220381736552713,0.3053038055774256,0.515
B_KEEP_I_DECAY_097,decel,1.32,2516065,0.5,0.47010178566053806,0.6086829304695129,0.0,1,0.03103475570553227,0.30592450069153626,0.515
B_KEEP_I_DECAY_097,decel,1.34,2516066,0.5,0.47120647430461704,0.6078484058380127,0.0,1,0.029898214339461937,0.3065224649783255,0.515
B_KEEP_I_DECAY_097,decel,1.36,2516067,0.5,0.47227978706380397,0.6070361137390137,0.0,1,0.02879352569538296,0.3070983354922332,0.515
B_KEEP_I_DECAY_097,decel,1.3800000000000001,2516068,0.5,0.47332243919381217,0.606245756149292,0.0,1,0.02772021293619603,0.30765273975095714,0.515
B_KEEP_I_DECAY_097,decel,1.4000000000000001,2516069,0.5,0.4743350982666262,0.6054769158363342,0.0,1,0.026677560806187828,0.3081862909670809,0.515
B_KEEP_I_DECAY_097,decel,1.42,2516070,0.5,0.47531847953796624,0.6047290563583374,0.0,1,0.025664901733373824,0.3086995890017484,0.515
B_KEEP_I_DECAY_097,decel,1.44,2516071,0.5,0.4762734413146987,0.6040018200874329,0.0,1,0.024681520462033757,0.30919321941098904,0.515
B_KEEP_I_DECAY_097,decel,1.46,2516072,0.5,0.47720060348511845,0.6032944917678833,0.0,1,0.023726558685301324,0.3096677505846951,0.515
B_KEEP_I_DECAY_097,decel,1.48,2516073,0.5,0.4781008720398171,0.6026067137718201,0.0,1,0.022799396514881554,0.3101237385149927,0.515
B_KEEP_I_DECAY_097,decel,1.5,2516074,0.5,0.4789748191833819,0.6019378304481506,0.0,1,0.021899127960182896,0.31056172107419633,0.515
B_KEEP_I_DECAY_097,decel,1.52,2516075,0.5,0.47982339859012796,0.6012874841690063,0.0,1,0.021025180816618083,0.31098222469052866,0.515
B_KEEP_I_DECAY_097,decel,1.54,2516076,0.5,0.4806471824646456,0.6006549596786499,0.0,1,0.02017660140987204,0.3113857567187261,0.515
B_KEEP_I_DECAY_097,decel,1.56,2516077,0.5,0.48144702911381687,0.6000398993492126,0.0,1,0.019352817535354394,0.31177281306943316,0.515
B_KEEP_I_DECAY_097,decel,1.58,2516078,0.5,0.4822236061096654,0.599441647529602,0.0,1,0.01855297088618313,0.3121438724871568,0.515
B_KEEP_I_DECAY_097,decel,1.6,2516079,0.5,0.4829775810242142,0.5988597869873047,0.0,1,0.017776393890334585,0.3124994003649635,0.515
B_KEEP_I_DECAY_097,decel,1.62,2516080,0.5,0.48370952606204753,0.5982938408851624,0.0,1,0.017022418975785825,0.3128398487444792,0.515
B_KEEP_I_DECAY_097,decel,1.6400000000000001,2516081,0.5,0.48442015647891196,0.5977433323860168,0.0,1,0.016290473937952465,0.3131656582232382,0.515
B_KEEP_I_DECAY_097,decel,1.6600000000000001,2516082,0.5,0.48511004447939426,0.5972078442573547,0.0,1,0.015579843521088044,0.31347725509366,0.515
B_KEEP_I_DECAY_097,decel,1.68,2516083,0.5,0.4857798576355135,0.5966869592666626,0.0,1,0.014889955520605735,0.3137750542040721,0.515
B_KEEP_I_DECAY_097,decel,1.7,2516084,0.5,0.4864301681518657,0.5961802005767822,0.0,1,0.014220142364486488,0.31405945705136185,0.515
B_KEEP_I_DECAY_097,decel,1.72,2516085,0.5,0.4870615482330388,0.5956871509552002,0.0,1,0.013569831848134317,0.31433085368832453,0.515
B_KEEP_I_DECAY_097,decel,1.74,2516086,0.5,0.48767452239990494,0.5952073931694031,0.0,1,0.012938451766961179,0.31458962272366375,0.515
B_KEEP_I_DECAY_097,decel,1.76,2516087,0.5,0.4882696151733403,0.594740629196167,0.0,1,0.012325477600095058,0.31483613227566565,0.515
B_KEEP_I_DECAY_097,decel,1.78,2516088,0.5,0.4888473987579346,0.5942863821983337,0.0,1,0.011730384826659723,0.31507073997219887,0.515
B_KEEP_I_DECAY_097,decel,1.8,2516089,0.5,0.48940830230713006,0.5938443541526794,0.0,1,0.011152601242065407,0.31529379199704016,0.515
B_KEEP_I_DECAY_097,decel,1.82,2516090,0.5,0.4899527549743684,0.5934141874313354,0.0,1,0.010591697692869939,0.31550562595089754,0.515
B_KEEP_I_DECAY_097,decel,1.84,2516091,0.5,0.4904813766479557,0.5929955840110779,0.0,1,0.01004724502563159,0.3157065708514102,0.515
B_KEEP_I_DECAY_097,decel,1.86,2516092,0.5,0.4909945011139031,0.5925881862640381,0.0,1,0.009518623352044286,0.3158969433184511,0.515
B_KEEP_I_DECAY_097,decel,1.8800000000000001,2516093,0.5,0.4914926052093687,0.5921916365623474,0.0,1,0.009005498886096919,0.316077053296173,0.515
B_KEEP_I_DECAY_097,decel,1.9000000000000001,2516094,0.5,0.4919761180877947,0.5918056964874268,0.0,1,0.008507394790631284,0.3162472011919856,0.515
B_KEEP_I_DECAY_097,decel,1.92,2516095,0.5,0.4924454689026228,0.5914300084114075,0.0,1,0.008023881912205322,0.31640767883022974,0.515
B_KEEP_I_DECAY_097,decel,1.94,2516096,0.5,0.49290099143986393,0.5910642743110657,0.0,1,0.007554531097377193,0.3165587694521773,0.515
B_KEEP_I_DECAY_097,decel,1.96,2516097,0.5,0.49334311485296023,0.590708315372467,0.0,1,0.007099008560136066,0.31670074962338,0.515
B_KEEP_I_DECAY_097,decel,1.98,2516098,0.5,0.4937721729279154,0.5903618335723877,0.0,1,0.0066568851470397705,0.31683388732632084,0.515
B_KEEP_I_DECAY_097,decel,2.0,2516099,0.5,0.4941885948181809,0.5900245308876038,0.0,1,0.00622782707208458,0.3169584438677625,0.515
C_KEEP_I_DECAY_099,stop,0.02,2516103,0.0,0.0,0.0,1.0,0,0.0,0.0,0.0
C_KEEP_I_DECAY_099,stop,0.04,2516104,0.0,0.0,0.0,1.0,0,0.0,0.0,0.0
C_KEEP_I_DECAY_099,stop,0.06,2516105,0.0,0.0,0.0,1.0,0,0.0,0.0,0.0
C_KEEP_I_DECAY_099,stop,0.08,2516106,0.0,0.0,0.0,1.0,0,0.0,0.0,0.0
C_KEEP_I_DECAY_099,stop,0.1,2516107,0.0,0.0,0.0,1.0,0,0.0,0.0,0.0
C_KEEP_I_DECAY_099,stop,0.12,2516108,0.0,0.0,0.0,1.0,0,0.0,0.0,0.0
C_KEEP_I_DECAY_099,stop,0.14,2516109,0.0,0.0,0.0,1.0,0,0.0,0.0,0.0
C_KEEP_I_DECAY_099,stop,0.16,2516110,0.0,0.0,0.0,1.0,0,0.0,0.0,0.0
C_KEEP_I_DECAY_099,stop,0.18,2516111,0.0,0.0,0.0,1.0,0,0.0,0.0,0.0
C_KEEP_I_DECAY_099,stop,0.2,2516112,0.0,0.0,0.0,1.0,0,0.0,0.0,0.0
C_KEEP_I_DECAY_099,stop,0.22,2516113,0.0,0.0,0.0,1.0,0,0.0,0.0,0.0
C_KEEP_I_DECAY_099,stop,0.24,2516114,0.0,0.0,0.0,1.0,0,0.0,0.0,0.0
C_KEEP_I_DECAY_099,stop,0.26,2516115,0.0,0.0,0.0,1.0,0,0.0,0.0,0.0
C_KEEP_I_DECAY_099,stop,0.28,2516116,0.0,0.0,0.0,1.0,0,0.0,0.0,0.0
C_KEEP_I_DECAY_099,stop,0.3,2516117,0.0,0.0,0.0,1.0,0,0.0,0.0,0.0
C_KEEP_I_DECAY_099,stop,0.32,2516118,0.0,0.0,0.0,1.0,0,0.0,0.0,0.0
C_KEEP_I_DECAY_099,stop,0.34,2516119,0.0,0.0,0.0,1.0,0,0.0,0.0,0.0
C_KEEP_I_DECAY_099,stop,0.36,2516120,0.0,0.0,0.0,1.0,0,0.0,0.0,0.0
C_KEEP_I_DECAY_099,stop,0.38,2516121,0.0,0.0,0.0,1.0,0,0.0,0.0,0.0
C_KEEP_I_DECAY_099,stop,0.4,2516122,0.0,0.0,0.0,1.0,0,0.0,0.0,0.0
C_KEEP_I_DECAY_099,stop,0.42,2516123,0.0,0.0,0.0,1.0,0,0.0,0.0,0.0
C_KEEP_I_DECAY_099,stop,0.44,2516124,0.0,0.0,0.0,1.0,0,0.0,0.0,0.0
C_KEEP_I_DECAY_099,stop,0.46,2516125,0.0,0.0,0.0,1.0,0,0.0,0.0,0.0
C_KEEP_I_DECAY_099,stop,0.48,2516126,0.0,0.0,0.0,1.0,0,0.0,0.0,0.0
C_KEEP_I_DECAY_099,stop,0.5,2516127,0.0,0.0,0.0,1.0,0,0.0,0.0,0.0
C_KEEP_I_DECAY_099,stop,0.52,2516128,0.0,0.0,0.0,1.0,0,0.0,0.0,0.0
C_KEEP_I_DECAY_099,stop,0.54,2516129,0.0,0.0,0.0,1.0,0,0.0,0.0,0.0
C_KEEP_I_DECAY_099,stop,0.56,2516130,0.0,0.0,0.0,1.0,0,0.0,0.0,0.0
C_KEEP_I_DECAY_099,stop,0.58,2516131,0.0,0.0,0.0,1.0,0,0.0,0.0,0.0
C_KEEP_I_DECAY_099,stop,0.6,2516132,0.0,0.0,0.0,1.0,0,0.0,0.0,0.0
C_KEEP_I_DECAY_099,stop,0.62,2516133,0.0,0.0,0.0,1.0,0,0.0,0.0,0.0
C_KEEP_I_DECAY_099,stop,0.64,2516134,0.0,0.0,0.0,1.0,0,0.0,0.0,0.0
C_KEEP_I_DECAY_099,stop,0.66,2516135,0.0,0.0,0.0,1.0,0,0.0,0.0,0.0
C_KEEP_I_DECAY_099,stop,0.68,2516136,0.0,0.0,0.0,1.0,0,0.0,0.0,0.0
C_KEEP_I_DECAY_099,stop,0.7000000000000001,2516137,0.0,0.0,0.0,1.0,0,0.0,0.0,0.0
C_KEEP_I_DECAY_099,stop,0.72,2516138,0.0,0.0,0.0,1.0,0,0.0,0.0,0.0
C_KEEP_I_DECAY_099,stop,0.74,2516139,0.0,0.0,0.0,1.0,0,0.0,0.0,0.0
C_KEEP_I_DECAY_099,stop,0.76,2516140,0.0,0.0,0.0,1.0,0,0.0,0.0,0.0
C_KEEP_I_DECAY_099,stop,0.78,2516141,0.0,0.0,0.0,1.0,0,0.0,0.0,0.0
C_KEEP_I_DECAY_099,stop,0.8,2516142,0.0,0.0,0.0,1.0,0,0.0,0.0,0.0
C_KEEP_I_DECAY_099,stop,0.8200000000000001,2516143,0.0,0.0,0.0,1.0,0,0.0,0.0,0.0
C_KEEP_I_DECAY_099,stop,0.84,2516144,0.0,0.0,0.0,1.0,0,0.0,0.0,0.0
C_KEEP_I_DECAY_099,stop,0.86,2516145,0.0,0.0,0.0,1.0,0,0.0,0.0,0.0
C_KEEP_I_DECAY_099,stop,0.88,2516146,0.0,0.0,0.0,1.0,0,0.0,0.0,0.0
C_KEEP_I_DECAY_099,stop,0.9,2516147,0.0,0.003983581443205829,0.0,1.0,0,0.0,0.0,0.0
C_KEEP_I_DECAY_099,stop,0.92,2516148,0.0,0.01998720472424225,0.0,1.0,0,-0.003983581443205829,0.0,0.0
C_KEEP_I_DECAY_099,stop,0.9400000000000001,2516149,0.0,0.026580814140935514,0.0,1.0,0,-0.01998720472424225,0.0,0.0
C_KEEP_I_DECAY_099,stop,0.96,2516150,0.0,0.01815142336495281,0.0,1.0,0,-0.026580814140935514,0.0,0.0
C_KEEP_I_DECAY_099,stop,0.98,2516151,0.0,0.011893734987774103,0.0,1.0,0,-0.01815142336495281,0.0,0.0
C_KEEP_I_DECAY_099,stop,1.0,2516152,0.0,0.007005072307122518,0.0,1.0,0,-0.011893734987774103,0.0,0.0
C_KEEP_I_DECAY_099,pre,0.02,2516153,0.7,0.003446401926163309,1.0,0.0,0,0.6929949276928774,0.013859898553857549,0.633
C_KEEP_I_DECAY_099,pre,0.04,2516154,0.7,0.0012572181762704868,1.0,0.0,0,0.6965535980738367,0.02779097051533428,0.633
C_KEEP_I_DECAY_099,pre,0.06,2516155,0.7,0.0016817045530779773,1.0,0.0,0,0.6987427818237295,0.04176582615180887,0.633
C_KEEP_I_DECAY_099,pre,0.08,2516156,0.7,0.0027931161964652434,1.0,0.0,0,0.698318295446922,0.05573219206074731,0.633
C_KEEP_I_DECAY_099,pre,0.1,2516157,0.7,0.0035750251256930128,1.0,0.0,0,0.6972068838035347,0.069676329736818,0.633
C_KEEP_I_DECAY_099,pre,0.12,2516158,0.7,0.004036231513576292,1.0,0.0,0,0.696424974874307,0.08360482923430415,0.633
C_KEEP_I_DECAY_099,pre,0.14,2516159,0.7,0.004245182610400603,1.0,0.0,0,0.6959637684864237,0.09752410460403263,0.633
C_KEEP_I_DECAY_099,pre,0.16,2516160,0.7,0.004265781317587058,1.0,0.0,0,0.6957548173895993,0.11143920095182462,0.633
C_KEEP_I_DECAY_099,pre,0.18,2516161,0.7,0.004151238144332258,1.0,0.0,0,0.6957342186824129,0.12535388532547287,0.633
C_KEEP_I_DECAY_099,pre,0.2,2516162,0.7,0.003944049960250567,1.0,0.0,0,0.6958487618556677,0.13927086056258622,0.633
C_KEEP_I_DECAY_099,pre,0.22,2516163,0.7,0.003677385315247819,1.0,0.0,0,0.6960559500397494,0.1531919795633812,0.633
C_KEEP_I_DECAY_099,pre,0.24,2516164,0.7,0.0033767976781477575,1.0,0.0,0,0.6963226146847521,0.16711843185707626,0.633
C_KEEP_I_DECAY_099,pre,0.26,2516165,0.7,0.0030613763868573233,1.0,0.0,0,0.6966232023218522,0.1810508959035133,0.633
C_KEEP_I_DECAY_099,pre,0.28,2516166,0.7,0.0027451013096508855,1.0,0.0,0,0.6969386236131426,0.19498966837577617,0.633
C_KEEP_I_DECAY_099,pre,0.3,2516167,0.7,0.002437967384781181,1.0,0.0,0,0.6972548986903491,0.20893476634958313,0.633
C_KEEP_I_DECAY_099,pre,0.32,2516168,0.7,0.002146743023191239,1.0,0.0,0,0.6975620326152188,0.22288600700188752,0.633
C_KEEP_I_DECAY_099,pre,0.34,2516169,0.7,0.0018756960362001397,1.0,0.0,0,0.6978532569768087,0.2368430721414237,0.633
C_KEEP_I_DECAY_099,pre,0.36,2516170,0.7,0.0016271477436462383,1.0,0.0,0,0.6981243039637998,0.25080555822069966,0.633
C_KEEP_I_DECAY_099,pre,0.38,2516171,0.7,0.0014021800830502495,1.0,0.0,0,0.6983728522563537,0.26477301526582675,0.633
C_KEEP_I_DECAY_099,pre,0.4,2516172,0.7,0.001200651150582877,1.0,0.0,0,0.6985978199169497,0.27874497166416573,0.633
C_KEEP_I_DECAY_099,pre,0.42,2516173,0.7,0.0010219178501140371,1.0,0.0,0,0.6987993488494171,0.29272095864115405,0.633
C_KEEP_I_DECAY_099,pre,0.44,2516174,0.7,0.0008646717392612951,1.0,0.0,0,0.6989780821498859,0.3067005202841518,0.633
C_KEEP_I_DECAY_099,pre,0.46,2516175,0.7,0.0007273947908342412,1.0,0.0,0,0.6991353282607387,0.32068322684936656,0.633
C_KEEP_I_DECAY_099,pre,0.48,2516176,0.7,0.0006084412808857991,1.0,0.0,0,0.6992726052091657,0.3346686789535499,0.633
C_KEEP_I_DECAY_099,pre,0.5,2516177,0.7,0.0005060409467185633,1.0,0.0,0,0.6993915587191142,0.3486565101279322,0.633
C_KEEP_I_DECAY_099,pre,0.52,2516178,0.7,0.00041841221556036134,1.0,0.0,0,0.6994939590532814,0.36264638930899784,0.633
C_KEEP_I_DECAY_099,pre,0.54,2516179,0.7,0.0003439443808892684,1.0,0.0,0,0.6995815877844396,0.37663802106468663,0.633
C_KEEP_I_DECAY_099,pre,0.56,2516180,0.7,0.0002809712772151556,1.0,0.0,0,0.6996560556191107,0.39063114217706885,0.633
C_KEEP_I_DECAY_099,pre,0.58,2516181,0.7,0.0002280317370056602,1.0,0.0,0,0.6997190287227848,0.4046255227515245,0.633
C_KEEP_I_DECAY_099,pre,0.6,2516182,0.7,0.00018381720298654784,1.0,0.0,0,0.6997719682629943,0.4186209621167844,0.633
C_KEEP_I_DECAY_099,pre,0.62,2516183,0.7,0.00014708884314620368,1.0,0.0,0,0.6998161827970134,0.4326172857727247,0.633
C_KEEP_I_DECAY_099,pre,0.64,2516184,0.7,0.00011683758380792838,1.0,0.0,0,0.6998529111568538,0.44661434399586175,0.633
C_KEEP_I_DECAY_099,pre,0.66,2516185,0.7,9.207128938002512e-05,1.0,0.0,0,0.699883162416192,0.4606120072441856,0.633
C_KEEP_I_DECAY_099,pre,0.68,2516186,0.7,7.188597660825825e-05,1.0,0.0,0,0.6999079287106199,0.474610165818398,0.633
C_KEEP_I_DECAY_099,pre,0.7000000000000001,2516187,0.7,5.5636499514612494e-05,1.0,0.0,0,0.6999281140233917,0.4886087280988658,0.633
C_KEEP_I_DECAY_099,pre,0.72,2516188,0.7,4.264337525905352e-05,1.0,0.0,0,0.6999443635004854,0.5026076153688755,0.633
C_KEEP_I_DECAY_099,pre,0.74,2516189,0.7,3.2391904430805485e-05,1.0,0.0,0,0.6999573566247409,0.5166067625013704,0.633
C_KEEP_I_DECAY_099,pre,0.76,2516190,0.7,2.4405311790318018e-05,1.0,0.0,0,0.6999676080955691,0.5306061146632818,0.633
C_KEEP_I_DECAY_099,pre,0.78,2516191,0.7,1.832520593156819e-05,1.0,0.0,0,0.6999755946882097,0.544605626557046,0.633
C_KEEP_I_DECAY_099,pre,0.8,2516192,0.7,1.386455898663868e-05,1.0,0.0,0,0.6999816747940684,0.5586052600529274,0.633
C_KEEP_I_DECAY_099,pre,0.8200000000000001,2516193,0.7,1.0707881605360012e-05,1.0,0.0,0,0.6999861354410133,0.5726049827617476,0.633
C_KEEP_I_DECAY_099,pre,0.84,2516194,0.7,8.648796700463393e-06,1.0,0.0,0,0.6999892921183946,0.5866047686041156,0.633
C_KEEP_I_DECAY_099,pre,0.86,2516195,0.7,7.3886727780105416e-06,1.0,0.0,0,0.6999913512032995,0.6,0.633
C_KEEP_I_DECAY_099,pre,0.88,2516196,0.7,6.640818772574888e-06,1.0,0.0,0,0.6999926113272219,0.6,0.633
C_KEEP_I_DECAY_099,pre,0.9,2516197,0.7,6.202418784294622e-06,1.0,0.0,0,0.6999933591812274,0.6,0.633
C_KEEP_I_DECAY_099,pre,0.92,2516198,0.7,0.0,1.0,0.0,0,0.6999937975812157,0.6,0.633
C_KEEP_I_DECAY_099,pre,0.9400000000000001,2516199,0.7,2.4047880384400944e-06,1.0,0.0,0,0.7,0.6,0.633
C_KEEP_I_DECAY_099,pre,0.96,2516200,0.7,2.9783583926509783e-06,1.0,0.0,0,0.6999975952119615,0.6,0.633
C_KEEP_I_DECAY_099,pre,0.98,2516201,0.7,3.224433393524613e-06,1.0,0.0,0,0.6999970216416073,0.6,0.633
C_KEEP_I_DECAY_099,pre,1.0,2516202,0.7,3.205771260331307e-06,1.0,0.0,0,0.6999967755666064,0.6,0.633
C_KEEP_I_DECAY_099,pre,1.02,2516203,0.7,0.02441676709385187,1.0,0.0,0,0.6999967942287396,0.6,0.633
C_KEEP_I_DECAY_099,pre,1.04,2516204,0.7,0.0730955246860571,1.0,0.0,1,0.6755832329061481,0.6,0.633
C_KEEP_I_DECAY_099,pre,1.06,2516205,0.7,0.11934708485153762,1.0,0.0,1,0.6269044753139429,0.6,0.633
C_KEEP_I_DECAY_099,pre,1.08,2516206,0.7,0.1620844743006149,1.0,0.0,1,0.5806529151484623,0.6,0.633
C_KEEP_I_DECAY_099,pre,1.1,2516207,0.7,0.20099957263776283,1.0,0.0,1,0.537915525699385,0.6,0.633
C_KEEP_I_DECAY_099,pre,1.12,2516208,0.7,0.23615050631052764,1.0,0.0,1,0.49900042736223715,0.6,0.633
C_KEEP_I_DECAY_099,pre,1.1400000000000001,2516209,0.7,0.2678518089029834,1.0,0.0,1,0.4638494936894723,0.6,0.633
C_KEEP_I_DECAY_099,pre,1.16,2516210,0.7,0.29645059398754203,1.0,0.0,1,0.4321481910970166,0.6,0.633
C_KEEP_I_DECAY_099,pre,1.18,2516211,0.7,0.3222284101808801,1.0,0.0,1,0.4035494060124579,0.6,0.633
C_KEEP_I_DECAY_099,pre,1.2,2516212,0.7,0.34549181626024633,1.0,0.0,1,0.37777158981911985,0.6,0.633
C_KEEP_I_DECAY_099,pre,1.22,2516213,0.7,0.3665465365069859,1.0,0.0,1,0.3545081837397536,0.6,0.633
C_KEEP_I_DECAY_099,pre,1.24,2516214,0.7,0.3856797461879059,1.0,0.0,1,0.3334534634930141,0.6,0.633
C_KEEP_I_DECAY_099,pre,1.26,2516215,0.7,0.4031517984315012,1.0,0.0,1,0.31432025381209405,0.6,0.633
C_KEEP_I_DECAY_099,pre,1.28,2516216,0.7,0.4191945076222662,1.0,0.0,1,0.2968482015684988,0.6,0.633
C_KEEP_I_DECAY_099,pre,1.3,2516217,0.7,0.43401122094214883,1.0,0.0,1,0.2808054923777338,0.6,0.633
C_KEEP_I_DECAY_099,pre,1.32,2516218,0.7,0.4477673054813406,0.9910904765129089,0.0,1,0.2659887790578511,0.6,0.633
C_KEEP_I_DECAY_099,pre,1.34,2516219,0.7,0.4605864527603907,0.9793977737426758,0.0,1,0.2522326945186594,0.6,0.633
C_KEEP_I_DECAY_099,pre,1.36,2516220,0.7,0.47257127809992366,0.9685015082359314,0.0,1,0.23941354723960928,0.6,0.633
C_KEEP_I_DECAY_099,pre,1.3800000000000001,2516221,0.7,0.48381214211434764,0.9583144187927246,0.0,1,0.2274287219000763,0.6,0.633
C_KEEP_I_DECAY_099,pre,1.4000000000000001,2516222,0.7,0.49438824743559157,0.9487596750259399,0.0,1,0.2161878578856523,0.6,0.633
C_KEEP_I_DECAY_099,pre,1.42,2516223,0.7,0.5043689261717933,0.939769983291626,0.0,1,0.2056117525644084,0.6,0.633
C_KEEP_I_DECAY_099,pre,1.44,2516224,0.7,0.5139678013793864,0.9312863945960999,0.0,1,0.19563107382820666,0.6,0.633
C_KEEP_I_DECAY_099,pre,1.46,2516225,0.7,0.5230068220678434,0.9231273531913757,0.0,1,0.1860321986206136,0.6,0.633
C_KEEP_I_DECAY_099,pre,1.48,2516226,0.7,0.5316037669771454,0.9154441952705383,0.0,1,0.17699317793215652,0.6,0.633
C_KEEP_I_DECAY_099,pre,1.5,2516227,0.7,0.5389976039997433,0.908136785030365,0.0,1,0.16839623302285456,0.6,0.633
C_KEEP_I_DECAY_099,pre,1.52,2516228,0.7,0.5421443954793825,0.901852011680603,0.0,1,0.16100239600025668,0.6,0.633
C_KEEP_I_DECAY_099,pre,1.54,2516229,0.7,0.5416110054824272,0.8991772532463074,0.0,1,0.15785560452061742,0.6,0.633
C_KEEP_I_DECAY_099,pre,1.56,2516230,0.7,0.541594602367496,0.8996306657791138,0.0,1,0.1583889945175727,0.6,0.633
C_KEEP_I_DECAY_099,pre,1.58,2516231,0.7,0.5419878023691588,0.8996446132659912,0.0,1,0.15840539763250394,0.6,0.633
C_KEEP_I_DECAY_099,pre,1.6,2516232,0.7,0.5428034800479755,0.8993103504180908,0.0,1,0.15801219763084118,0.6,0.633
C_KEEP_I_DECAY_099,pre,1.62,2516233,0.7,0.5440306204451163,0.8986170291900635,0.0,1,0.15719651995202444,0.6,0.633
C_KEEP_I_DECAY_099,pre,1.6400000000000001,2516234,0.7,0.5456528680444444,0.8975739479064941,0.0,1,0.15596937955488366,0.6,0.633
C_KEEP_I_DECAY_099,pre,1.6600000000000001,2516235,0.7,0.5476506248499539,0.8961950540542603,0.0,1,0.1543471319555556,0.6,0.633
C_KEEP_I_DECAY_099,pre,1.68,2516236,0.7,0.5500027193148862,0.8944969773292542,0.0,1,0.1523493751500461,0.6,0.633
C_KEEP_I_DECAY_099,pre,1.7,2516237,0.7,0.5526866924255955,0.892497718334198,0.0,1,0.14999728068511375,0.6,0.633
C_KEEP_I_DECAY_099,pre,1.72,2516238,0.7,0.5556790838114589,0.8902162909507751,0.0,1,0.14731330757440442,0.6,0.633
C_KEEP_I_DECAY_099,pre,1.74,2516239,0.7,0.5589558132067494,0.8876727819442749,0.0,1,0.14432091618854104,0.6,0.633
C_KEEP_I_DECAY_099,pre,1.76,2516240,0.7,0.5624924665571058,0.8848875761032104,0.0,1,0.1410441867932506,0.6,0.633
C_KEEP_I_DECAY_099,pre,1.78,2516241,0.7,0.5662645821204095,0.8818814158439636,0.0,1,0.13750753344289413,0.6,0.633
C_KEEP_I_DECAY_099,pre,1.8,2516242,0.7,0.5702471736308016,0.878675103187561,0.0,1,0.13373541787959042,0.6,0.633
C_KEEP_I_DECAY_099,pre,1.82,2516243,0.7,0.5744158747082428,0.8752899169921875,0.0,1,0.12975282636919838,0.6,0.633
C_KEEP_I_DECAY_099,pre,1.84,2516244,0.7,0.5787464620222335,0.8717464804649353,0.0,1,0.1255841252917571,0.6,0.633
C_KEEP_I_DECAY_099,pre,1.86,2516245,0.7,0.5832154274982716,0.8680655360221863,0.0,1,0.1212535379777665,0.6,0.633
C_KEEP_I_DECAY_099,pre,1.8800000000000001,2516246,0.7,0.5878000736838163,0.8642668724060059,0.0,1,0.11678457250172836,0.6,0.633
C_KEEP_I_DECAY_099,pre,1.9000000000000001,2516247,0.7,0.5924785137508486,0.8603699207305908,0.0,1,0.1121999263161837,0.6,0.633
C_KEEP_I_DECAY_099,pre,1.92,2516248,0.7,0.5972296714942507,0.8563932776451111,0.0,1,0.10752148624915137,0.6,0.633
C_KEEP_I_DECAY_099,pre,1.94,2516249,0.7,0.6020338058530471,0.8523547649383545,0.0,1,0.1027703285057493,0.6,0.633
C_KEEP_I_DECAY_099,pre,1.96,2516250,0.7,0.6068725585948938,0.8482712507247925,0.0,1,0.09796619414695285,0.6,0.633
C_KEEP_I_DECAY_099,pre,1.98,2516251,0.7,0.6117280960083098,0.8441583514213562,0.0,1,0.0931274414051062,0.6,0.633
C_KEEP_I_DECAY_099,pre,2.0,2516252,0.7,0.6165841579449669,0.8400311470031738,0.0,1,0.08827190399169016,0.6,0.633
C_KEEP_I_DECAY_099,pre,2.02,2516253,0.7,0.6214262962380201,0.8359034657478333,0.0,1,0.08341584205503305,0.6,0.633
C_KEEP_I_DECAY_099,pre,2.04,2516254,0.7,0.6262403488230569,0.831787645816803,0.0,1,0.07857370376197981,0.6,0.633
C_KEEP_I_DECAY_099,pre,2.06,2516255,0.7,0.6310141086685317,0.8276957273483276,0.0,1,0.07375965117694305,0.6,0.633
C_KEEP_I_DECAY_099,pre,2.08,2516256,0.7,0.6357361793660095,0.8236380219459534,0.0,1,0.06898589133146826,0.6,0.633
C_KEEP_I_DECAY_099,pre,2.1,2516257,0.7,0.6403964042838959,0.8196242451667786,0.0,1,0.0642638206339905,0.6,0.633
C_KEEP_I_DECAY_099,pre,2.12,2516258,0.7,0.6449859619344517,0.8156630396842957,0.0,1,0.059603595716104074,0.6,0.633
C_KEEP_I_DECAY_099,pre,2.14,2516259,0.7,0.6494967937698123,0.8117619156837463,0.0,1,0.055014038065548276,0.6,0.633
C_KEEP_I_DECAY_099,pre,2.16,2516260,0.7,0.653922081018651,0.8079277276992798,0.0,1,0.05050320623018767,0.6,0.633
C_KEEP_I_DECAY_099,pre,2.18,2516261,0.7,0.6582559109000794,0.8041662573814392,0.0,1,0.04607791898134894,0.6,0.633
C_KEEP_I_DECAY_099,pre,2.2,2516262,0.7,0.6624930858893389,0.800482451915741,0.0,1,0.041744089099920556,0.6,0.633
C_KEEP_I_DECAY_099,pre,2.22,2516263,0.7,0.6666294575030547,0.7968809008598328,0.0,1,0.037506914110661094,0.6,0.633
C_KEEP_I_DECAY_099,pre,2.24,2516264,0.7,0.6706614017789981,0.793364942073822,0.0,1,0.033370542496945266,0.6,0.633
C_KEEP_I_DECAY_099,pre,2.2600000000000002,2516265,0.7,0.6745863437963755,0.7899377942085266,0.0,1,0.02933859822100182,0.6,0.633
C_KEEP_I_DECAY_099,pre,2.2800000000000002,2516266,0.7,0.6784019470533049,0.7866016030311584,0.0,1,0.025413656203624457,0.6,0.633
C_KEEP_I_DECAY_099,pre,2.3000000000000003,2516267,0.7,0.6821067810383403,0.7833583354949951,0.0,1,0.021598052946695034,0.6,0.633
C_KEEP_I_DECAY_099,pre,2.32,2516268,0.7,0.6856997967098035,0.7802092432975769,0.0,1,0.01789321896165963,0.6,0.633
C_KEEP_I_DECAY_099,pre,2.34,2516269,0.7,0.6891803264955834,0.7771551609039307,0.0,1,0.014300203290196434,0.6,0.633
C_KEEP_I_DECAY_099,pre,2.36,2516270,0.7,0.6925484657633401,0.7741967439651489,0.0,1,0.010819673504416594,0.6,0.633
C_KEEP_I_DECAY_099,pre,2.38,2516271,0.7,0.6958044052477552,0.7713338136672974,0.0,1,0.007451534236659896,0.6,0.633
C_KEEP_I_DECAY_099,pre,2.4,2516272,0.7,0.6989489555723155,0.7685662508010864,0.0,1,0.004195594752244736,0.6,0.633
C_KEEP_I_DECAY_099,pre,2.42,2516273,0.7,0.7019828796762616,0.7658933997154236,0.0,1,0.0010510444276844444,0.6,0.633
C_KEEP_I_DECAY_099,pre,2.44,2516274,0.7,0.7049075603871733,0.7633058428764343,0.0,1,-0.0019828796762616507,0.5999603424064748,0.633
C_KEEP_I_DECAY_099,pre,2.46,2516275,0.7,0.7077244759007708,0.7607982754707336,0.0,1,-0.004907560387173326,0.5998621911987313,0.633
C_KEEP_I_DECAY_099,pre,2.48,2516276,0.7,0.7104350567282599,0.7583698630332947,0.0,1,-0.007724475900770855,0.5997077016807159,0.633
C_KEEP_I_DECAY_099,pre,2.5,2516277,0.7,0.7130411148507214,0.7560200095176697,0.0,1,-0.01043505672825995,0.5994990005461507,0.633
C_KEEP_I_DECAY_099,decel,0.02,2516278,0.5,0.7154067993617963,0.0,0.1704328954219818,1,-0.2130411148507214,0.5935040105406891,0.515
C_KEEP_I_DECAY_099,decel,0.04,2516279,0.5,0.7168092728124731,0.0,0.17232543230056763,1,-0.2154067993617963,0.5875689704352822,0.515
C_KEEP_I_DECAY_099,decel,0.06,2516280,0.5,0.7171031952364229,0.0,0.1734474152326584,1,-0.2168092728124731,0.5816932807309294,0.515
C_KEEP_I_DECAY_099,decel,0.08,2516281,0.5,0.7161412716344339,0.0,0.1736825555562973,1,-0.21710319523642285,0.5758763479236201,0.515
C_KEEP_I_DECAY_099,decel,0.1,2516282,0.5,0.7138417721172303,0.0,0.17291301488876343,1,-0.21614127163443386,0.5701175844443839,0.515
C_KEEP_I_DECAY_099,decel,0.12,2516283,0.5,0.7103690624538687,0.0,0.17107342183589935,1,-0.21384177211723032,0.56441640859994,0.515
C_KEEP_I_DECAY_099,decel,0.14,2516284,0.5,0.7058627605655575,0.0,0.1682952493429184,1,-0.21036906245386866,0.5587722445139406,0.515
C_KEEP_I_DECAY_099,decel,0.16,2516285,0.5,0.7004230976243571,0.0,0.16469021141529083,1,-0.20586276056555752,0.5531845220688012,0.515
C_KEEP_I_DECAY_099,decel,0.18,2516286,0.5,0.6941238403396713,0.0,0.16033847630023956,1,-0.20042309762435706,0.5476526768481131,0.515
C_KEEP_I_DECAY_099,decel,0.2,2516287,0.5,0.6870246410404638,0.0,0.15529906749725342,1,-0.19412384033967134,0.542176150079632,0.515
C_KEEP_I_DECAY_099,decel,0.22,2516288,0.5,0.679179477692865,0.0,0.1496197134256363,1,-0.1870246410404638,0.5367543885788357,0.515
C_KEEP_I_DECAY_099,decel,0.24,2516289,0.5,0.6706445693972617,0.0,0.14334358274936676,1,-0.17917947769286502,0.5313868446930473,0.515
C_KEEP_I_DECAY_099,decel,0.26,2516290,0.5,0.6614834308624731,0.0,0.13651566207408905,1,-0.1706445693972617,0.5260729762461168,0.515
C_KEEP_I_DECAY_099,decel,0.28,2516291,0.5,0.6517683506012161,0.0,0.129186749458313,1,-0.16148343086247308,0.5208122464836556,0.515
C_KEEP_I_DECAY_099,decel,0.3,2516292,0.5,0.6415822505952155,0.0,0.1214146837592125,1,-0.15176835060121607,0.515604124018819,0.515
C_KEEP_I_DECAY_099,decel,0.32,2516293,0.5,0.6310160160072181,0.0,0.11326579749584198,1,-0.14158225059521545,0.5104480827786309,0.515
C_KEEP_I_DECAY_099,decel,0.34,2516294,0.5,0.6201646804839623,0.0,0.10481281578540802,1,-0.13101601600721813,0.5053436019508445,0.515
C_KEEP_I_DECAY_099,decel,0.36,2516295,0.5,0.6091217041105976,0.0,0.09613174200057983,1,-0.12016468048396234,0.500290165931336,0.515
C_KEEP_I_DECAY_099,decel,0.38,2516296,0.5,0.5979735374680815,0.0,0.08729736506938934,1,-0.10912170411059763,0.49528726427202263,0.515
C_KEEP_I_DECAY_099,decel,0.4,2516297,0.5,0.586794853262999,0.0,0.078378826379776,1,-0.09797353746808146,0.4903343916293024,0.515
C_KEEP_I_DECAY_099,decel,0.42,2516298,0.5,0.5756445408979126,0.0,0.06943587958812714,1,-0.08679485326299896,0.4854310477130094,0.515
C_KEEP_I_DECAY_099,decel,0.44,2516299,0.5,0.5645660879446937,0.0,0.0605156309902668,1,-0.07564454089791262,0.4805767372358793,0.515
C_KEEP_I_DECAY_099,decel,0.46,2516300,0.5,0.5535886768733382,0.0,0.05165287107229233,1,-0.06456608794469365,0.4757709698635205,0.515
C_KEEP_I_DECAY_099,decel,0.48,2516301,0.5,0.5427298553374977,0.0,0.04287094250321388,1,-0.05358867687333824,0.4710132601648853,0.515
C_KEEP_I_DECAY_099,decel,0.5,2516302,0.5,0.5319993985419097,0.0,0.03418388590216637,1,-0.042729855337497735,0.46630312756323644,0.515
C_KEEP_I_DECAY_099,decel,0.52,2516303,0.5,0.521400644369888,0.0,0.025599518790841103,1,-0.031999398541909696,0.46164009628760405,0.515
C_KEEP_I_DECAY_099,decel,0.54,2516304,0.5,0.5109460859163157,0.5982761383056641,0.0,1,-0.021400644369887978,0.4612120834002063,0.515
C_KEEP_I_DECAY_099,decel,0.56,2516305,0.5,0.5009880103573205,0.607114315032959,0.0,1,-0.01094608591631574,0.46099316168188,0.515
C_KEEP_I_DECAY_099,decel,0.58,2516306,0.5,0.48758483240865996,0.6155743598937988,0.0,1,-0.0009880103573205457,0.4609734014747336,0.515
C_KEEP_I_DECAY_099,decel,0.6,2516307,0.5,0.4763039605395041,0.6270216703414917,0.0,1,0.012415167591340037,0.4612217048265604,0.515
C_KEEP_I_DECAY_099,decel,0.62,2516308,0.5,0.46673374270018353,0.6367146968841553,0.0,1,0.02369603946049592,0.4616956256157703,0.515
C_KEEP_I_DECAY_099,decel,0.64,2516309,0.5,0.4589606290753029,0.6449957489967346,0.0,1,0.03326625729981647,0.46236095076176664,0.515
C_KEEP_I_DECAY_099,decel,0.66,2516310,0.5,0.45287714040768134,0.6517834663391113,0.0,1,0.041039370924697116,0.4631817381802606,0.515
C_KEEP_I_DECAY_099,decel,0.68,2516311,0.5,0.44826812769442714,0.6571617722511292,0.0,1,0.047122859592318656,0.464124195372107,0.515
C_KEEP_I_DECAY_099,decel,0.7000000000000001,2516312,0.5,0.44492492695416475,0.6613070368766785,0.0,1,0.05173187230557286,0.4651588328182184,0.515
C_KEEP_I_DECAY_099,decel,0.72,2516313,0.5,0.44265289323692353,0.6643911004066467,0.0,1,0.055075073045835254,0.4662603342791351,0.515
C_KEEP_I_DECAY_099,decel,0.74,2516314,0.5,0.44127802865064386,0.6665746569633484,0.0,1,0.05734710676307647,0.4674072764143966,0.515
C_KEEP_I_DECAY_099,decel,0.76,2516315,0.5,0.44064755456176463,0.668001651763916,0.0,1,0.05872197134935614,0.46858171584138375,0.515
C_KEEP_I_DECAY_099,decel,0.78,2516316,0.5,0.44062933938986015,0.6687986850738525,0.0,1,0.05935244543823537,0.46976876475014845,0.515
C_KEEP_I_DECAY_099,decel,0.8,2516317,0.5,0.44110627192485524,0.6690754294395447,0.0,1,0.05937066061013985,0.47095617796235123,0.515
C_KEEP_I_DECAY_099,decel,0.8200000000000001,2516318,0.5,0.44197917003509096,0.6689291596412659,0.0,1,0.05889372807514476,0.4721340525238541,0.515
C_KEEP_I_DECAY_099,decel,0.84,2516319,0.5,0.44316678066686094,0.6684424877166748,0.0,1,0.05802082996490904,0.47329446912315226,0.515
C_KEEP_I_DECAY_099,decel,0.86,2516320,0.5,0.4446024896678562,0.6676830649375916,0.0,1,0.05683321933313906,0.47443113350981503,0.515
C_KEEP_I_DECAY_099,decel,0.88,2516321,0.5,0.44623122234626733,0.6667065024375916,0.0,1,0.055397510332143796,0.4755390837164579,0.515
C_KEEP_I_DECAY_099,decel,0.9,2516322,0.5,0.44800763148787937,0.6655586361885071,0.0,1,0.05376877765373267,0.47661445926953255,0.515
C_KEEP_I_DECAY_099,decel,0.92,2516323,0.5,0.449894046958371,0.6642774343490601,0.0,1,0.051992368512120635,0.477654306639775,0.515
C_KEEP_I_DECAY_099,decel,0.9400000000000001,2516324,0.5,0.4518597127614644,0.6628944873809814,0.0,1,0.050105953041629014,0.47865642570060757,0.515
C_KEEP_I_DECAY_099,decel,0.96,2516325,0.5,0.4538790704264585,0.6614354848861694,0.0,1,0.048140287238535584,0.47961923144537827,0.515
C_KEEP_I_DECAY_099,decel,0.98,2516326,0.5,0.45593109143600924,0.6599219441413879,0.0,1,0.046120929573541525,0.4805416500368491,0.515
C_KEEP_I_DECAY_099,decel,1.0,2516327,0.5,0.45799875270418616,0.65837162733078,0.0,1,0.04406890856399076,0.48142302820812893,0.515
C_KEEP_I_DECAY_099,decel,1.02,2516328,0.5,0.4600681305866837,0.6567989587783813,0.0,1,0.04200124729581384,0.4822630531540452,0.515
C_KEEP_I_DECAY_099,decel,1.04,2516329,0.5,0.4621279717271455,0.6552156805992126,0.0,1,0.03993186941331628,0.4830616905423115,0.515
C_KEEP_I_DECAY_099,decel,1.06,2516330,0.5,0.46416916853625106,0.6536314487457275,0.0,1,0.03787202827285452,0.4838191311077686,0.515
C_KEEP_I_DECAY_099,decel,1.08,2516331,0.5,0.4661844254055151,0.6520540714263916,0.0,1,0.035830831463748936,0.48453574773704355,0.515
C_KEEP_I_DECAY_099,decel,1.1,2516332,0.5,0.4681681156565564,0.650489866733551,0.0,1,0.03381557459448492,0.48521205922893323,0.515
C_KEEP_I_DECAY_099,decel,1.12,2516333,0.5,0.4701157570201128,0.6489438414573669,0.0,1,0.031831884343443584,0.4858486969158021,0.515
C_KEEP_I_DECAY_099,decel,1.1400000000000001,2516334,0.5,0.4720239639523249,0.647419810295105,0.0,1,0.029884242979887177,0.4864463817753999,0.515
C_KEEP_I_DECAY_099,decel,1.16,2516335,0.5,0.4738902568997707,0.6459209322929382,0.0,1,0.027976036047675124,0.4870059024963534,0.515
C_KEEP_I_DECAY_099,decel,1.18,2516336,0.5,0.4757128715647675,0.6444494724273682,0.0,1,0.026109743100229288,0.487528097358358,0.515
C_KEEP_I_DECAY_099,decel,1.2,2516337,0.5,0.47749066353796926,0.6430070996284485,0.0,1,0.024287128435232508,0.48801383992706265,0.515
C_KEEP_I_DECAY_099,decel,1.22,2516338,0.5,0.4792228698796902,0.6415950059890747,0.0,1,0.022509336462030738,0.4884640266563033,0.515
C_KEEP_I_DECAY_099,decel,1.24,2516339,0.5,0.48090925217126773,0.6402140855789185,0.0,1,0.020777130120309795,0.48887956925870946,0.515
C_KEEP_I_DECAY_099,decel,1.26,2516340,0.5,0.482549619677655,0.6388646364212036,0.0,1,0.01909074782873227,0.4892613842152841,0.515
C_KEEP_I_DECAY_099,decel,1.28,2516341,0.5,0.48414444923591005,0.6375471353530884,0.0,1,0.017450380322345027,0.489610391821731,0.515
C_KEEP_I_DECAY_099,decel,1.3,2516342,0.5,0.48569397926445107,0.6362612843513489,0.0,1,0.015855550764089954,0.4899275028370128,0.515
C_KEEP_I_DECAY_099,decel,1.32,2516343,0.5,0.48719897270266543,0.6350071430206299,0.0,1,0.01430602073554893,0.4902136232517238,0.515
C_KEEP_I_DECAY_099,decel,1.34,2516344,0.5,0.48866004943880215,0.6337841749191284,0.0,1,0.012801027297334566,0.4904696437976705,0.515
C_KEEP_I_DECAY_099,decel,1.36,2516345,0.5,0.4900781154633984,0.6325922012329102,0.0,1,0.011339950561197853,0.49069644280889446,0.515
C_KEEP_I_DECAY_099,decel,1.3800000000000001,2516346,0.5,0.49145393371586693,0.631430447101593,0.0,1,0.009921884536601588,0.4908948804996265,0.515
C_KEEP_I_DECAY_099,decel,1.4000000000000001,2516347,0.5,0.4927885532379217,0.6302986145019531,0.0,1,0.00854606628413307,0.4910658018253091,0.515
C_KEEP_I_DECAY_099,decel,1.42,2516348,0.5,0.4940828323364266,0.6291959285736084,0.0,1,0.0072114467620783,0.4912100307605507,0.515
C_KEEP_I_DECAY_099,decel,1.44,2516349,0.5,0.49533786773683025,0.6281218528747559,0.0,1,0.005917167663573419,0.4913283741138222,0.515
C_KEEP_I_DECAY_099,decel,1.46,2516350,0.5,0.49655466079715227,0.6270755529403687,0.0,1,0.004662132263169749,0.4914216167590856,0.515
C_KEEP_I_DECAY_099,decel,1.48,2516351,0.5,0.49773416519170255,0.626056432723999,0.0,1,0.0034453392028477303,0.49149052354314254,0.515
C_KEEP_I_DECAY_099,decel,1.5,2516352,0.5,0.49887728691108213,0.6250638365745544,0.0,1,0.002265834808297451,0.4915358402393085,0.515
C_KEEP_I_DECAY_099,decel,1.52,2516353,0.5,0.4999850749970321,0.6240971088409424,0.0,1,0.0011227130889178705,0.4915582945010869,0.515
C_KEEP_I_DECAY_099,decel,1.54,2516354,0.5,0.5010620117188448,0.6231555938720703,0.0,1,1.4925002967902667e-05,0.49155859300114624,0.515
C_KEEP_I_DECAY_099,decel,1.56,2516355,0.5,0.5021047115326882,0.6222355365753174,0.0,1,-0.0010620117188447908,0.49153735276676935,0.515
C_KEEP_I_DECAY_099,decel,1.58,2516356,0.5,0.503110694885354,0.6213399767875671,0.0,1,-0.002104711532688208,0.4914952585361156,0.515
C_KEEP_I_DECAY_099,decel,1.6,2516357,0.5,0.5040647983551916,0.620471179485321,0.0,1,-0.0031106948853539818,0.49143304463840853,0.515
C_KEEP_I_DECAY_099,decel,1.62,2516358,0.5,0.5047608852387,0.6196423172950745,0.0,1,-0.004064798355191579,0.4913517486713047,0.515
C_KEEP_I_DECAY_099,decel,1.6400000000000001,2516359,0.5,0.5028792381287943,0.619029700756073,0.0,1,-0.004760885238699997,0.4912565309665307,0.515
C_KEEP_I_DECAY_099,decel,1.6600000000000001,2516360,0.5,0.4978381633761927,0.6206164360046387,0.0,1,-0.0028792381287943147,0.4911989462039548,0.515
C_KEEP_I_DECAY_099,decel,1.68,2516361,0.5,0.501457929612829,0.624910831451416,0.0,1,0.0021618366238073117,0.49124218293643096,0.515
C_KEEP_I_DECAY_099,decel,1.7,2516362,0.5,0.5034607887292786,0.6218276023864746,0.0,1,-0.0014579296128289787,0.49121302434417435,0.515
C_KEEP_I_DECAY_099,decel,1.72,2516363,0.5,0.5051980018621324,0.6201099753379822,0.0,1,-0.0034607887292785744,0.4911438085695888,0.515
C_KEEP_I_DECAY_099,decel,1.74,2516364,0.5,0.5056346893432289,0.6186104416847229,0.0,1,-0.005198001862132373,0.4910398485323461,0.515
C_KEEP_I_DECAY_099,decel,1.76,2516365,0.5,0.501595211032843,0.61821448802948,0.0,1,-0.00563468934322886,0.49092715474548154,0.515
C_KEEP_I_DECAY_099,decel,1.78,2516366,0.5,0.5040306568147285,0.6216410398483276,0.0,1,-0.0015952110328429914,0.4908952505248247,0.515
C_KEEP_I_DECAY_099,decel,1.8,2516367,0.5,0.5060603141865276,0.6195531487464905,0.0,1,-0.004030656814728473,0.4908146373885301,0.515
C_KEEP_I_DECAY_099,decel,1.82,2516368,0.5,0.5075839520807665,0.617801308631897,0.0,1,-0.006060314186527638,0.4906934311047995,0.515
C_KEEP_I_DECAY_099,decel,1.84,2516369,0.5,0.5072699099924891,0.6164728403091431,0.0,1,-0.007583952080766454,0.4905417520631842,0.515
C_KEEP_I_DECAY_099,decel,1.86,2516370,0.5,0.5022833844584562,0.6167078018188477,0.0,1,-0.00726990999248911,0.4903963538633344,0.515
C_KEEP_I_DECAY_099,decel,1.8800000000000001,2516371,0.5,0.498642599195726,0.6209362745285034,0.0,1,-0.002283384458456217,0.4903506861741653,0.515
C_KEEP_I_DECAY_099,decel,1.9000000000000001,2516372,0.5,0.501713562942073,0.6240369081497192,0.0,1,0.0013574008042739893,0.49037783419025077,0.515
C_KEEP_I_DECAY_099,decel,1.92,2516373,0.5,0.5048301228745116,0.6214190721511841,0.0,1,-0.0017135629420730325,0.4903435629314093,0.515
C_KEEP_I_DECAY_099,decel,1.94,2516374,0.5,0.5074446683715741,0.6187487244606018,0.0,1,-0.0048301228745115665,0.4902469604739191,0.515
C_KEEP_I_DECAY_099,decel,1.96,2516375,0.5,0.5097010615279859,0.6164935827255249,0.0,1,-0.0074446683715740924,0.4900980671064876,0.515
C_KEEP_I_DECAY_099,decel,1.98,2516376,0.5,0.5115041732832466,0.614533007144928,0.0,1,-0.009701061527985888,0.4899040458759279,0.515
C_KEEP_I_DECAY_099,decel,2.0,2516377,0.5,0.5099427250200703,0.6129497289657593,0.0,1,-0.0115041732832466,0.48967396241026295,0.515
D_KEEP_I_DECAY_100,stop,0.02,2516381,0.0,0.0,0.0,1.0,0,0.0,0.0,0.0
D_KEEP_I_DECAY_100,stop,0.04,2516382,0.0,0.0,0.0,1.0,0,0.0,0.0,0.0
D_KEEP_I_DECAY_100,stop,0.06,2516383,0.0,0.0,0.0,1.0,0,0.0,0.0,0.0
D_KEEP_I_DECAY_100,stop,0.08,2516384,0.0,0.0,0.0,1.0,0,0.0,0.0,0.0
D_KEEP_I_DECAY_100,stop,0.1,2516385,0.0,0.0,0.0,1.0,0,0.0,0.0,0.0
D_KEEP_I_DECAY_100,stop,0.12,2516386,0.0,0.0,0.0,1.0,0,0.0,0.0,0.0
D_KEEP_I_DECAY_100,stop,0.14,2516387,0.0,0.0,0.0,1.0,0,0.0,0.0,0.0
D_KEEP_I_DECAY_100,stop,0.16,2516388,0.0,0.0,0.0,1.0,0,0.0,0.0,0.0
D_KEEP_I_DECAY_100,stop,0.18,2516389,0.0,0.0,0.0,1.0,0,0.0,0.0,0.0
D_KEEP_I_DECAY_100,stop,0.2,2516390,0.0,0.0,0.0,1.0,0,0.0,0.0,0.0
D_KEEP_I_DECAY_100,stop,0.22,2516391,0.0,0.0,0.0,1.0,0,0.0,0.0,0.0
D_KEEP_I_DECAY_100,stop,0.24,2516392,0.0,0.0,0.0,1.0,0,0.0,0.0,0.0
D_KEEP_I_DECAY_100,stop,0.26,2516393,0.0,0.0,0.0,1.0,0,0.0,0.0,0.0
D_KEEP_I_DECAY_100,stop,0.28,2516394,0.0,0.0,0.0,1.0,0,0.0,0.0,0.0
D_KEEP_I_DECAY_100,stop,0.3,2516395,0.0,0.0,0.0,1.0,0,0.0,0.0,0.0
D_KEEP_I_DECAY_100,stop,0.32,2516396,0.0,0.0,0.0,1.0,0,0.0,0.0,0.0
D_KEEP_I_DECAY_100,stop,0.34,2516397,0.0,0.0,0.0,1.0,0,0.0,0.0,0.0
D_KEEP_I_DECAY_100,stop,0.36,2516398,0.0,0.0,0.0,1.0,0,0.0,0.0,0.0
D_KEEP_I_DECAY_100,stop,0.38,2516399,0.0,0.0,0.0,1.0,0,0.0,0.0,0.0
D_KEEP_I_DECAY_100,stop,0.4,2516400,0.0,0.0,0.0,1.0,0,0.0,0.0,0.0
D_KEEP_I_DECAY_100,stop,0.42,2516401,0.0,0.0,0.0,1.0,0,0.0,0.0,0.0
D_KEEP_I_DECAY_100,stop,0.44,2516402,0.0,0.0,0.0,1.0,0,0.0,0.0,0.0
D_KEEP_I_DECAY_100,stop,0.46,2516403,0.0,0.0,0.0,1.0,0,0.0,0.0,0.0
D_KEEP_I_DECAY_100,stop,0.48,2516404,0.0,0.0,0.0,1.0,0,0.0,0.0,0.0
D_KEEP_I_DECAY_100,stop,0.5,2516405,0.0,0.0,0.0,1.0,0,0.0,0.0,0.0
D_KEEP_I_DECAY_100,stop,0.52,2516406,0.0,0.0,0.0,1.0,0,0.0,0.0,0.0
D_KEEP_I_DECAY_100,stop,0.54,2516407,0.0,0.0,0.0,1.0,0,0.0,0.0,0.0
D_KEEP_I_DECAY_100,stop,0.56,2516408,0.0,0.0,0.0,1.0,0,0.0,0.0,0.0
D_KEEP_I_DECAY_100,stop,0.58,2516409,0.0,0.0,0.0,1.0,0,0.0,0.0,0.0
D_KEEP_I_DECAY_100,stop,0.6,2516410,0.0,0.0,0.0,1.0,0,0.0,0.0,0.0
D_KEEP_I_DECAY_100,stop,0.62,2516411,0.0,0.0,0.0,1.0,0,0.0,0.0,0.0
D_KEEP_I_DECAY_100,stop,0.64,2516412,0.0,0.0,0.0,1.0,0,0.0,0.0,0.0
D_KEEP_I_DECAY_100,stop,0.66,2516413,0.0,0.0,0.0,1.0,0,0.0,0.0,0.0
D_KEEP_I_DECAY_100,stop,0.68,2516414,0.0,0.0,0.0,1.0,0,0.0,0.0,0.0
D_KEEP_I_DECAY_100,stop,0.7000000000000001,2516415,0.0,0.0,0.0,1.0,0,0.0,0.0,0.0
D_KEEP_I_DECAY_100,stop,0.72,2516416,0.0,0.0,0.0,1.0,0,0.0,0.0,0.0
D_KEEP_I_DECAY_100,stop,0.74,2516417,0.0,0.0,0.0,1.0,0,0.0,0.0,0.0
D_KEEP_I_DECAY_100,stop,0.76,2516418,0.0,0.0,0.0,1.0,0,0.0,0.0,0.0
D_KEEP_I_DECAY_100,stop,0.78,2516419,0.0,0.0,0.0,1.0,0,0.0,0.0,0.0
D_KEEP_I_DECAY_100,stop,0.8,2516420,0.0,0.0,0.0,1.0,0,0.0,0.0,0.0
D_KEEP_I_DECAY_100,stop,0.8200000000000001,2516421,0.0,0.0,0.0,1.0,0,0.0,0.0,0.0
D_KEEP_I_DECAY_100,stop,0.84,2516422,0.0,0.0,0.0,1.0,0,0.0,0.0,0.0
D_KEEP_I_DECAY_100,stop,0.86,2516423,0.0,0.0,0.0,1.0,0,0.0,0.0,0.0
D_KEEP_I_DECAY_100,stop,0.88,2516424,0.0,0.0,0.0,1.0,0,0.0,0.0,0.0
D_KEEP_I_DECAY_100,stop,0.9,2516425,0.0,0.003983581443205829,0.0,1.0,0,0.0,0.0,0.0
D_KEEP_I_DECAY_100,stop,0.92,2516426,0.0,0.01998720472424225,0.0,1.0,0,-0.003983581443205829,0.0,0.0
D_KEEP_I_DECAY_100,stop,0.9400000000000001,2516427,0.0,0.026580814140935514,0.0,1.0,0,-0.01998720472424225,0.0,0.0
D_KEEP_I_DECAY_100,stop,0.96,2516428,0.0,0.01815142336495281,0.0,1.0,0,-0.026580814140935514,0.0,0.0
D_KEEP_I_DECAY_100,stop,0.98,2516429,0.0,0.011893734987774103,0.0,1.0,0,-0.01815142336495281,0.0,0.0
D_KEEP_I_DECAY_100,stop,1.0,2516430,0.0,0.007005072307122518,0.0,1.0,0,-0.011893734987774103,0.0,0.0
D_KEEP_I_DECAY_100,pre,0.02,2516431,0.7,0.003446401926163309,1.0,0.0,0,0.6929949276928774,0.013859898553857549,0.633
D_KEEP_I_DECAY_100,pre,0.04,2516432,0.7,0.0012572181762704868,1.0,0.0,0,0.6965535980738367,0.02779097051533428,0.633
D_KEEP_I_DECAY_100,pre,0.06,2516433,0.7,0.0016817045530779773,1.0,0.0,0,0.6987427818237295,0.04176582615180887,0.633
D_KEEP_I_DECAY_100,pre,0.08,2516434,0.7,0.0027931161964652434,1.0,0.0,0,0.698318295446922,0.05573219206074731,0.633
D_KEEP_I_DECAY_100,pre,0.1,2516435,0.7,0.0035750251256930128,1.0,0.0,0,0.6972068838035347,0.069676329736818,0.633
D_KEEP_I_DECAY_100,pre,0.12,2516436,0.7,0.004036231513576292,1.0,0.0,0,0.696424974874307,0.08360482923430415,0.633
D_KEEP_I_DECAY_100,pre,0.14,2516437,0.7,0.004245182610400603,1.0,0.0,0,0.6959637684864237,0.09752410460403263,0.633
D_KEEP_I_DECAY_100,pre,0.16,2516438,0.7,0.004265781317587058,1.0,0.0,0,0.6957548173895993,0.11143920095182462,0.633
D_KEEP_I_DECAY_100,pre,0.18,2516439,0.7,0.004151238144332258,1.0,0.0,0,0.6957342186824129,0.12535388532547287,0.633
D_KEEP_I_DECAY_100,pre,0.2,2516440,0.7,0.003944049960250567,1.0,0.0,0,0.6958487618556677,0.13927086056258622,0.633
D_KEEP_I_DECAY_100,pre,0.22,2516441,0.7,0.003677385315247819,1.0,0.0,0,0.6960559500397494,0.1531919795633812,0.633
D_KEEP_I_DECAY_100,pre,0.24,2516442,0.7,0.0033767976781477575,1.0,0.0,0,0.6963226146847521,0.16711843185707626,0.633
D_KEEP_I_DECAY_100,pre,0.26,2516443,0.7,0.0030613763868573233,1.0,0.0,0,0.6966232023218522,0.1810508959035133,0.633
D_KEEP_I_DECAY_100,pre,0.28,2516444,0.7,0.0027451013096508855,1.0,0.0,0,0.6969386236131426,0.19498966837577617,0.633
D_KEEP_I_DECAY_100,pre,0.3,2516445,0.7,0.002437967384781181,1.0,0.0,0,0.6972548986903491,0.20893476634958313,0.633
D_KEEP_I_DECAY_100,pre,0.32,2516446,0.7,0.002146743023191239,1.0,0.0,0,0.6975620326152188,0.22288600700188752,0.633
D_KEEP_I_DECAY_100,pre,0.34,2516447,0.7,0.0018756960362001397,1.0,0.0,0,0.6978532569768087,0.2368430721414237,0.633
D_KEEP_I_DECAY_100,pre,0.36,2516448,0.7,0.0016271477436462383,1.0,0.0,0,0.6981243039637998,0.25080555822069966,0.633
D_KEEP_I_DECAY_100,pre,0.38,2516449,0.7,0.0014021800830502495,1.0,0.0,0,0.6983728522563537,0.26477301526582675,0.633
D_KEEP_I_DECAY_100,pre,0.4,2516450,0.7,0.001200651150582877,1.0,0.0,0,0.6985978199169497,0.27874497166416573,0.633
D_KEEP_I_DECAY_100,pre,0.42,2516451,0.7,0.0010219178501140371,1.0,0.0,0,0.6987993488494171,0.29272095864115405,0.633
D_KEEP_I_DECAY_100,pre,0.44,2516452,0.7,0.0008646717392612951,1.0,0.0,0,0.6989780821498859,0.3067005202841518,0.633
D_KEEP_I_DECAY_100,pre,0.46,2516453,0.7,0.0007273947908342412,1.0,0.0,0,0.6991353282607387,0.32068322684936656,0.633
D_KEEP_I_DECAY_100,pre,0.48,2516454,0.7,0.0006084412808857991,1.0,0.0,0,0.6992726052091657,0.3346686789535499,0.633
D_KEEP_I_DECAY_100,pre,0.5,2516455,0.7,0.0005060409467185633,1.0,0.0,0,0.6993915587191142,0.3486565101279322,0.633
D_KEEP_I_DECAY_100,pre,0.52,2516456,0.7,0.00041841221556036134,1.0,0.0,0,0.6994939590532814,0.36264638930899784,0.633
D_KEEP_I_DECAY_100,pre,0.54,2516457,0.7,0.0003439443808892684,1.0,0.0,0,0.6995815877844396,0.37663802106468663,0.633
D_KEEP_I_DECAY_100,pre,0.56,2516458,0.7,0.0002809712772151556,1.0,0.0,0,0.6996560556191107,0.39063114217706885,0.633
D_KEEP_I_DECAY_100,pre,0.58,2516459,0.7,0.0002280317370056602,1.0,0.0,0,0.6997190287227848,0.4046255227515245,0.633
D_KEEP_I_DECAY_100,pre,0.6,2516460,0.7,0.00018381720298654784,1.0,0.0,0,0.6997719682629943,0.4186209621167844,0.633
D_KEEP_I_DECAY_100,pre,0.62,2516461,0.7,0.00014708884314620368,1.0,0.0,0,0.6998161827970134,0.4326172857727247,0.633
D_KEEP_I_DECAY_100,pre,0.64,2516462,0.7,0.00011683758380792838,1.0,0.0,0,0.6998529111568538,0.44661434399586175,0.633
D_KEEP_I_DECAY_100,pre,0.66,2516463,0.7,9.207128938002512e-05,1.0,0.0,0,0.699883162416192,0.4606120072441856,0.633
D_KEEP_I_DECAY_100,pre,0.68,2516464,0.7,7.188597660825825e-05,1.0,0.0,0,0.6999079287106199,0.474610165818398,0.633
D_KEEP_I_DECAY_100,pre,0.7000000000000001,2516465,0.7,5.5636499514612494e-05,1.0,0.0,0,0.6999281140233917,0.4886087280988658,0.633
D_KEEP_I_DECAY_100,pre,0.72,2516466,0.7,4.264337525905352e-05,1.0,0.0,0,0.6999443635004854,0.5026076153688755,0.633
D_KEEP_I_DECAY_100,pre,0.74,2516467,0.7,3.2391904430805485e-05,1.0,0.0,0,0.6999573566247409,0.5166067625013704,0.633
D_KEEP_I_DECAY_100,pre,0.76,2516468,0.7,2.4405311790318018e-05,1.0,0.0,0,0.6999676080955691,0.5306061146632818,0.633
D_KEEP_I_DECAY_100,pre,0.78,2516469,0.7,1.832520593156819e-05,1.0,0.0,0,0.6999755946882097,0.544605626557046,0.633
D_KEEP_I_DECAY_100,pre,0.8,2516470,0.7,1.386455898663868e-05,1.0,0.0,0,0.6999816747940684,0.5586052600529274,0.633
D_KEEP_I_DECAY_100,pre,0.8200000000000001,2516471,0.7,1.0707881605360012e-05,1.0,0.0,0,0.6999861354410133,0.5726049827617476,0.633
D_KEEP_I_DECAY_100,pre,0.84,2516472,0.7,8.648796700463393e-06,1.0,0.0,0,0.6999892921183946,0.5866047686041156,0.633
D_KEEP_I_DECAY_100,pre,0.86,2516473,0.7,7.3886727780105416e-06,1.0,0.0,0,0.6999913512032995,0.6,0.633
D_KEEP_I_DECAY_100,pre,0.88,2516474,0.7,6.640818772574888e-06,1.0,0.0,0,0.6999926113272219,0.6,0.633
D_KEEP_I_DECAY_100,pre,0.9,2516475,0.7,6.202418784294622e-06,1.0,0.0,0,0.6999933591812274,0.6,0.633
D_KEEP_I_DECAY_100,pre,0.92,2516476,0.7,0.0,1.0,0.0,0,0.6999937975812157,0.6,0.633
D_KEEP_I_DECAY_100,pre,0.9400000000000001,2516477,0.7,2.4047880384400944e-06,1.0,0.0,0,0.7,0.6,0.633
D_KEEP_I_DECAY_100,pre,0.96,2516478,0.7,2.9783583926509783e-06,1.0,0.0,0,0.6999975952119615,0.6,0.633
D_KEEP_I_DECAY_100,pre,0.98,2516479,0.7,3.224433393524613e-06,1.0,0.0,0,0.6999970216416073,0.6,0.633
D_KEEP_I_DECAY_100,pre,1.0,2516480,0.7,3.205771260331307e-06,1.0,0.0,0,0.6999967755666064,0.6,0.633
D_KEEP_I_DECAY_100,pre,1.02,2516481,0.7,0.02441676709385187,1.0,0.0,0,0.6999967942287396,0.6,0.633
D_KEEP_I_DECAY_100,pre,1.04,2516482,0.7,0.0730955246860571,1.0,0.0,1,0.6755832329061481,0.6,0.633
D_KEEP_I_DECAY_100,pre,1.06,2516483,0.7,0.11934708485153762,1.0,0.0,1,0.6269044753139429,0.6,0.633
D_KEEP_I_DECAY_100,pre,1.08,2516484,0.7,0.1620844743006149,1.0,0.0,1,0.5806529151484623,0.6,0.633
D_KEEP_I_DECAY_100,pre,1.1,2516485,0.7,0.20099957263776283,1.0,0.0,1,0.537915525699385,0.6,0.633
D_KEEP_I_DECAY_100,pre,1.12,2516486,0.7,0.23615050631052764,1.0,0.0,1,0.49900042736223715,0.6,0.633
D_KEEP_I_DECAY_100,pre,1.1400000000000001,2516487,0.7,0.2678518089029834,1.0,0.0,1,0.4638494936894723,0.6,0.633
D_KEEP_I_DECAY_100,pre,1.16,2516488,0.7,0.29645059398754203,1.0,0.0,1,0.4321481910970166,0.6,0.633
D_KEEP_I_DECAY_100,pre,1.18,2516489,0.7,0.3222284101808801,1.0,0.0,1,0.4035494060124579,0.6,0.633
D_KEEP_I_DECAY_100,pre,1.2,2516490,0.7,0.34549181626024633,1.0,0.0,1,0.37777158981911985,0.6,0.633
D_KEEP_I_DECAY_100,pre,1.22,2516491,0.7,0.3665465365069859,1.0,0.0,1,0.3545081837397536,0.6,0.633
D_KEEP_I_DECAY_100,pre,1.24,2516492,0.7,0.3856797461879059,1.0,0.0,1,0.3334534634930141,0.6,0.633
D_KEEP_I_DECAY_100,pre,1.26,2516493,0.7,0.4031517984315012,1.0,0.0,1,0.31432025381209405,0.6,0.633
D_KEEP_I_DECAY_100,pre,1.28,2516494,0.7,0.4191945076222662,1.0,0.0,1,0.2968482015684988,0.6,0.633
D_KEEP_I_DECAY_100,pre,1.3,2516495,0.7,0.43401122094214883,1.0,0.0,1,0.2808054923777338,0.6,0.633
D_KEEP_I_DECAY_100,pre,1.32,2516496,0.7,0.4477673054813406,0.9910904765129089,0.0,1,0.2659887790578511,0.6,0.633
D_KEEP_I_DECAY_100,pre,1.34,2516497,0.7,0.4605864527603907,0.9793977737426758,0.0,1,0.2522326945186594,0.6,0.633
D_KEEP_I_DECAY_100,pre,1.36,2516498,0.7,0.47257127809992366,0.9685015082359314,0.0,1,0.23941354723960928,0.6,0.633
D_KEEP_I_DECAY_100,pre,1.3800000000000001,2516499,0.7,0.48381214211434764,0.9583144187927246,0.0,1,0.2274287219000763,0.6,0.633
D_KEEP_I_DECAY_100,pre,1.4000000000000001,2516500,0.7,0.49438824743559157,0.9487596750259399,0.0,1,0.2161878578856523,0.6,0.633
D_KEEP_I_DECAY_100,pre,1.42,2516501,0.7,0.5043689261717933,0.939769983291626,0.0,1,0.2056117525644084,0.6,0.633
D_KEEP_I_DECAY_100,pre,1.44,2516502,0.7,0.5139678013793864,0.9312863945960999,0.0,1,0.19563107382820666,0.6,0.633
D_KEEP_I_DECAY_100,pre,1.46,2516503,0.7,0.5230068220678434,0.9231273531913757,0.0,1,0.1860321986206136,0.6,0.633
D_KEEP_I_DECAY_100,pre,1.48,2516504,0.7,0.5316037669771454,0.9154441952705383,0.0,1,0.17699317793215652,0.6,0.633
D_KEEP_I_DECAY_100,pre,1.5,2516505,0.7,0.5389976039997433,0.908136785030365,0.0,1,0.16839623302285456,0.6,0.633
D_KEEP_I_DECAY_100,pre,1.52,2516506,0.7,0.5421443954793825,0.901852011680603,0.0,1,0.16100239600025668,0.6,0.633
D_KEEP_I_DECAY_100,pre,1.54,2516507,0.7,0.5416110054824272,0.8991772532463074,0.0,1,0.15785560452061742,0.6,0.633
D_KEEP_I_DECAY_100,pre,1.56,2516508,0.7,0.541594602367496,0.8996306657791138,0.0,1,0.1583889945175727,0.6,0.633
D_KEEP_I_DECAY_100,pre,1.58,2516509,0.7,0.5419878023691588,0.8996446132659912,0.0,1,0.15840539763250394,0.6,0.633
D_KEEP_I_DECAY_100,pre,1.6,2516510,0.7,0.5428034800479755,0.8993103504180908,0.0,1,0.15801219763084118,0.6,0.633
D_KEEP_I_DECAY_100,pre,1.62,2516511,0.7,0.5440306204451163,0.8986170291900635,0.0,1,0.15719651995202444,0.6,0.633
D_KEEP_I_DECAY_100,pre,1.6400000000000001,2516512,0.7,0.5456528680444444,0.8975739479064941,0.0,1,0.15596937955488366,0.6,0.633
D_KEEP_I_DECAY_100,pre,1.6600000000000001,2516513,0.7,0.5476506248499539,0.8961950540542603,0.0,1,0.1543471319555556,0.6,0.633
D_KEEP_I_DECAY_100,pre,1.68,2516514,0.7,0.5500027193148862,0.8944969773292542,0.0,1,0.1523493751500461,0.6,0.633
D_KEEP_I_DECAY_100,pre,1.7,2516515,0.7,0.5526866924255955,0.892497718334198,0.0,1,0.14999728068511375,0.6,0.633
D_KEEP_I_DECAY_100,pre,1.72,2516516,0.7,0.5556790838114589,0.8902162909507751,0.0,1,0.14731330757440442,0.6,0.633
D_KEEP_I_DECAY_100,pre,1.74,2516517,0.7,0.5589558132067494,0.8876727819442749,0.0,1,0.14432091618854104,0.6,0.633
D_KEEP_I_DECAY_100,pre,1.76,2516518,0.7,0.5624924665571058,0.8848875761032104,0.0,1,0.1410441867932506,0.6,0.633
D_KEEP_I_DECAY_100,pre,1.78,2516519,0.7,0.5662645821204095,0.8818814158439636,0.0,1,0.13750753344289413,0.6,0.633
D_KEEP_I_DECAY_100,pre,1.8,2516520,0.7,0.5702471736308016,0.878675103187561,0.0,1,0.13373541787959042,0.6,0.633
D_KEEP_I_DECAY_100,pre,1.82,2516521,0.7,0.5744158747082428,0.8752899169921875,0.0,1,0.12975282636919838,0.6,0.633
D_KEEP_I_DECAY_100,pre,1.84,2516522,0.7,0.5787464620222335,0.8717464804649353,0.0,1,0.1255841252917571,0.6,0.633
D_KEEP_I_DECAY_100,pre,1.86,2516523,0.7,0.5832154274982716,0.8680655360221863,0.0,1,0.1212535379777665,0.6,0.633
D_KEEP_I_DECAY_100,pre,1.8800000000000001,2516524,0.7,0.5878000736838163,0.8642668724060059,0.0,1,0.11678457250172836,0.6,0.633
D_KEEP_I_DECAY_100,pre,1.9000000000000001,2516525,0.7,0.5924785137508486,0.8603699207305908,0.0,1,0.1121999263161837,0.6,0.633
D_KEEP_I_DECAY_100,pre,1.92,2516526,0.7,0.5972296714942507,0.8563932776451111,0.0,1,0.10752148624915137,0.6,0.633
D_KEEP_I_DECAY_100,pre,1.94,2516527,0.7,0.6020338058530471,0.8523547649383545,0.0,1,0.1027703285057493,0.6,0.633
D_KEEP_I_DECAY_100,pre,1.96,2516528,0.7,0.6068725585948938,0.8482712507247925,0.0,1,0.09796619414695285,0.6,0.633
D_KEEP_I_DECAY_100,pre,1.98,2516529,0.7,0.6117280960083098,0.8441583514213562,0.0,1,0.0931274414051062,0.6,0.633
D_KEEP_I_DECAY_100,pre,2.0,2516530,0.7,0.6165841579449669,0.8400311470031738,0.0,1,0.08827190399169016,0.6,0.633
D_KEEP_I_DECAY_100,pre,2.02,2516531,0.7,0.6214262962380201,0.8359034657478333,0.0,1,0.08341584205503305,0.6,0.633
D_KEEP_I_DECAY_100,pre,2.04,2516532,0.7,0.6262403488230569,0.831787645816803,0.0,1,0.07857370376197981,0.6,0.633
D_KEEP_I_DECAY_100,pre,2.06,2516533,0.7,0.6310141086685317,0.8276957273483276,0.0,1,0.07375965117694305,0.6,0.633
D_KEEP_I_DECAY_100,pre,2.08,2516534,0.7,0.6357361793660095,0.8236380219459534,0.0,1,0.06898589133146826,0.6,0.633
D_KEEP_I_DECAY_100,pre,2.1,2516535,0.7,0.6403964042838959,0.8196242451667786,0.0,1,0.0642638206339905,0.6,0.633
D_KEEP_I_DECAY_100,pre,2.12,2516536,0.7,0.6449859619344517,0.8156630396842957,0.0,1,0.059603595716104074,0.6,0.633
D_KEEP_I_DECAY_100,pre,2.14,2516537,0.7,0.6494967937698123,0.8117619156837463,0.0,1,0.055014038065548276,0.6,0.633
D_KEEP_I_DECAY_100,pre,2.16,2516538,0.7,0.653922081018651,0.8079277276992798,0.0,1,0.05050320623018767,0.6,0.633
D_KEEP_I_DECAY_100,pre,2.18,2516539,0.7,0.6582559109000794,0.8041662573814392,0.0,1,0.04607791898134894,0.6,0.633
D_KEEP_I_DECAY_100,pre,2.2,2516540,0.7,0.6624930858893389,0.800482451915741,0.0,1,0.041744089099920556,0.6,0.633
D_KEEP_I_DECAY_100,pre,2.22,2516541,0.7,0.6666294575030547,0.7968809008598328,0.0,1,0.037506914110661094,0.6,0.633
D_KEEP_I_DECAY_100,pre,2.24,2516542,0.7,0.6706614017789981,0.793364942073822,0.0,1,0.033370542496945266,0.6,0.633
D_KEEP_I_DECAY_100,pre,2.2600000000000002,2516543,0.7,0.6745863437963755,0.7899377942085266,0.0,1,0.02933859822100182,0.6,0.633
D_KEEP_I_DECAY_100,pre,2.2800000000000002,2516544,0.7,0.6784019470533049,0.7866016030311584,0.0,1,0.025413656203624457,0.6,0.633
D_KEEP_I_DECAY_100,pre,2.3000000000000003,2516545,0.7,0.6821067810383403,0.7833583354949951,0.0,1,0.021598052946695034,0.6,0.633
D_KEEP_I_DECAY_100,pre,2.32,2516546,0.7,0.6856997967098035,0.7802092432975769,0.0,1,0.01789321896165963,0.6,0.633
D_KEEP_I_DECAY_100,pre,2.34,2516547,0.7,0.6891803264955834,0.7771551609039307,0.0,1,0.014300203290196434,0.6,0.633
D_KEEP_I_DECAY_100,pre,2.36,2516548,0.7,0.6925484657633401,0.7741967439651489,0.0,1,0.010819673504416594,0.6,0.633
D_KEEP_I_DECAY_100,pre,2.38,2516549,0.7,0.6958044052477552,0.7713338136672974,0.0,1,0.007451534236659896,0.6,0.633
D_KEEP_I_DECAY_100,pre,2.4,2516550,0.7,0.6989489555723155,0.7685662508010864,0.0,1,0.004195594752244736,0.6,0.633
D_KEEP_I_DECAY_100,pre,2.42,2516551,0.7,0.7019828796762616,0.7658933997154236,0.0,1,0.0010510444276844444,0.6,0.633
D_KEEP_I_DECAY_100,pre,2.44,2516552,0.7,0.7049075603871733,0.7633058428764343,0.0,1,-0.0019828796762616507,0.5999603424064748,0.633
D_KEEP_I_DECAY_100,pre,2.46,2516553,0.7,0.7077244759007708,0.7607982754707336,0.0,1,-0.004907560387173326,0.5998621911987313,0.633
D_KEEP_I_DECAY_100,pre,2.48,2516554,0.7,0.7104350567282599,0.7583698630332947,0.0,1,-0.007724475900770855,0.5997077016807159,0.633
D_KEEP_I_DECAY_100,pre,2.5,2516555,0.7,0.7130411148507214,0.7560200095176697,0.0,1,-0.01043505672825995,0.5994990005461507,0.633
D_KEEP_I_DECAY_100,decel,0.02,2516556,0.5,0.7154067993617963,0.0,0.1704328954219818,1,-0.2130411148507214,0.5994990005461507,0.515
D_KEEP_I_DECAY_100,decel,0.04,2516557,0.5,0.7168092728124731,0.0,0.17232543230056763,1,-0.2154067993617963,0.5994990005461507,0.515
D_KEEP_I_DECAY_100,decel,0.06,2516558,0.5,0.7171031952364229,0.0,0.1734474152326584,1,-0.2168092728124731,0.5994990005461507,0.515
D_KEEP_I_DECAY_100,decel,0.08,2516559,0.5,0.7161412716344339,0.0,0.1736825555562973,1,-0.21710319523642285,0.5994990005461507,0.515
D_KEEP_I_DECAY_100,decel,0.1,2516560,0.5,0.7138417721172303,0.0,0.17291301488876343,1,-0.21614127163443386,0.5994990005461507,0.515
D_KEEP_I_DECAY_100,decel,0.12,2516561,0.5,0.7103690624538687,0.0,0.17107342183589935,1,-0.21384177211723032,0.5994990005461507,0.515
D_KEEP_I_DECAY_100,decel,0.14,2516562,0.5,0.7058627605655575,0.0,0.1682952493429184,1,-0.21036906245386866,0.5994990005461507,0.515
D_KEEP_I_DECAY_100,decel,0.16,2516563,0.5,0.7004230976243571,0.0,0.16469021141529083,1,-0.20586276056555752,0.5994990005461507,0.515
D_KEEP_I_DECAY_100,decel,0.18,2516564,0.5,0.6941238403396713,0.0,0.16033847630023956,1,-0.20042309762435706,0.5994990005461507,0.515
D_KEEP_I_DECAY_100,decel,0.2,2516565,0.5,0.6870246410404638,0.0,0.15529906749725342,1,-0.19412384033967134,0.5994990005461507,0.515
D_KEEP_I_DECAY_100,decel,0.22,2516566,0.5,0.679179477692865,0.0,0.1496197134256363,1,-0.1870246410404638,0.5994990005461507,0.515
D_KEEP_I_DECAY_100,decel,0.24,2516567,0.5,0.6706445693972617,0.0,0.14334358274936676,1,-0.17917947769286502,0.5994990005461507,0.515
D_KEEP_I_DECAY_100,decel,0.26,2516568,0.5,0.6614834308624731,0.0,0.13651566207408905,1,-0.1706445693972617,0.5994990005461507,0.515
D_KEEP_I_DECAY_100,decel,0.28,2516569,0.5,0.6517683506012161,0.0,0.129186749458313,1,-0.16148343086247308,0.5994990005461507,0.515
D_KEEP_I_DECAY_100,decel,0.3,2516570,0.5,0.6415822505952155,0.0,0.1214146837592125,1,-0.15176835060121607,0.5994990005461507,0.515
D_KEEP_I_DECAY_100,decel,0.32,2516571,0.5,0.6310160160072181,0.0,0.11326579749584198,1,-0.14158225059521545,0.5994990005461507,0.515
D_KEEP_I_DECAY_100,decel,0.34,2516572,0.5,0.6201646804839623,0.0,0.10481281578540802,1,-0.13101601600721813,0.5994990005461507,0.515
D_KEEP_I_DECAY_100,decel,0.36,2516573,0.5,0.6091217041105976,0.0,0.09613174200057983,1,-0.12016468048396234,0.5994990005461507,0.515
D_KEEP_I_DECAY_100,decel,0.38,2516574,0.5,0.5979735374680815,0.0,0.08729736506938934,1,-0.10912170411059763,0.5994990005461507,0.515
D_KEEP_I_DECAY_100,decel,0.4,2516575,0.5,0.586794853262999,0.0,0.078378826379776,1,-0.09797353746808146,0.5994990005461507,0.515
D_KEEP_I_DECAY_100,decel,0.42,2516576,0.5,0.5756445408979126,0.0,0.06943587958812714,1,-0.08679485326299896,0.5994990005461507,0.515
D_KEEP_I_DECAY_100,decel,0.44,2516577,0.5,0.5645660879446937,0.0,0.0605156309902668,1,-0.07564454089791262,0.5994990005461507,0.515
D_KEEP_I_DECAY_100,decel,0.46,2516578,0.5,0.5535886768733382,0.0,0.05165287107229233,1,-0.06456608794469365,0.5994990005461507,0.515
D_KEEP_I_DECAY_100,decel,0.48,2516579,0.5,0.5427298553374977,0.0,0.04287094250321388,1,-0.05358867687333824,0.5994990005461507,0.515
D_KEEP_I_DECAY_100,decel,0.5,2516580,0.5,0.5319993985419097,0.0,0.03418388590216637,1,-0.042729855337497735,0.5994990005461507,0.515
D_KEEP_I_DECAY_100,decel,0.52,2516581,0.5,0.521400644369888,0.0,0.025599518790841103,1,-0.031999398541909696,0.5994990005461507,0.515
D_KEEP_I_DECAY_100,decel,0.54,2516582,0.5,0.5109460859163157,0.62860506772995,0.0,1,-0.021400644369887978,0.5990709876587529,0.515
D_KEEP_I_DECAY_100,decel,0.56,2516583,0.5,0.5009880103573205,0.6374433040618896,0.0,1,-0.01094608591631574,0.5988520659404266,0.515
D_KEEP_I_DECAY_100,decel,0.58,2516584,0.5,0.48758483240865996,0.6459032893180847,0.0,1,-0.0009880103573205457,0.5988323057332802,0.515
D_KEEP_I_DECAY_100,decel,0.6,2516585,0.5,0.4763039605395041,0.6573505997657776,0.0,1,0.012415167591340037,0.599080609085107,0.515
D_KEEP_I_DECAY_100,decel,0.62,2516586,0.5,0.46673374270018353,0.6670436263084412,0.0,1,0.02369603946049592,0.5995545298743169,0.515
D_KEEP_I_DECAY_100,decel,0.64,2516587,0.5,0.4589866643841515,0.6752763390541077,0.0,1,0.03326625729981647,0.6,0.515
D_KEEP_I_DECAY_100,decel,0.66,2516588,0.5,0.45301804578772964,0.6818613409996033,0.0,1,0.04101333561584852,0.6,0.515
D_KEEP_I_DECAY_100,decel,0.68,2516589,0.5,0.4486069681796576,0.6869346499443054,0.0,1,0.04698195421227036,0.6,0.515
D_KEEP_I_DECAY_100,decel,0.7000000000000001,2516590,0.5,0.4455285074305503,0.6906840801239014,0.0,1,0.05139303182034238,0.6,0.515
D_KEEP_I_DECAY_100,decel,0.72,2516591,0.5,0.4435738565271744,0.6933007836341858,0.0,1,0.05447149256944972,0.6,0.515
D_KEEP_I_DECAY_100,decel,0.74,2516592,0.5,0.4425565721275291,0.694962203502655,0.0,1,0.056426143472825596,0.6,0.515
D_KEEP_I_DECAY_100,decel,0.76,2516593,0.5,0.44231348054839587,0.6958268880844116,0.0,1,0.05744342787247092,0.6,0.515
D_KEEP_I_DECAY_100,decel,0.78,2516594,0.5,0.442700243177432,0.6960335373878479,0.0,1,0.057686519451604135,0.6,0.515
D_KEEP_I_DECAY_100,decel,0.8,2516595,0.5,0.44359078426537357,0.6957048177719116,0.0,1,0.05729975682256799,0.6,0.515
D_KEEP_I_DECAY_100,decel,0.8200000000000001,2516596,0.5,0.4448820592997218,0.6949478387832642,0.0,1,0.05640921573462643,0.6,0.515
D_KEEP_I_DECAY_100,decel,0.84,2516597,0.5,0.44648971578501256,0.6938502788543701,0.0,1,0.0551179407002782,0.6,0.515
D_KEEP_I_DECAY_100,decel,0.86,2516598,0.5,0.44834442159737026,0.6924837231636047,0.0,1,0.053510284214987436,0.6,0.515
D_KEEP_I_DECAY_100,decel,0.88,2516599,0.5,0.45038909932855803,0.6909072399139404,0.0,1,0.05165557840262974,0.6,0.515
D_KEEP_I_DECAY_100,decel,0.9,2516600,0.5,0.4525764467324218,0.6891692876815796,0.0,1,0.04961090067144197,0.6,0.515
D_KEEP_I_DECAY_100,decel,0.92,2516601,0.5,0.4548675062147397,0.6873100399971008,0.0,1,0.04742355326757819,0.6,0.515
D_KEEP_I_DECAY_100,decel,0.9400000000000001,2516602,0.5,0.45723013895066006,0.6853626370429993,0.0,1,0.0451324937852603,0.6,0.515
D_KEEP_I_DECAY_100,decel,0.96,2516603,0.5,0.45963797584715615,0.683354377746582,0.0,1,0.04276986104933994,0.6,0.515
D_KEEP_I_DECAY_100,decel,0.98,2516604,0.5,0.4620693208145544,0.6813077330589294,0.0,1,0.040362024152843845,0.6,0.515
D_KEEP_I_DECAY_100,decel,1.0,2516605,0.5,0.46450662624641853,0.6792410612106323,0.0,1,0.037930679185445626,0.6,0.515
D_KEEP_I_DECAY_100,decel,1.02,2516606,0.5,0.4669354916610652,0.6771693825721741,0.0,1,0.03549337375358147,0.6,0.515
D_KEEP_I_DECAY_100,decel,1.04,2516607,0.5,0.4693443299165033,0.6751048564910889,0.0,1,0.03306450833893482,0.6,0.515
D_KEEP_I_DECAY_100,decel,1.06,2516608,0.5,0.47172393805586676,0.6730573177337646,0.0,1,0.030655670083496678,0.6,0.515
D_KEEP_I_DECAY_100,decel,1.08,2516609,0.5,0.4740669251031995,0.6710346341133118,0.0,1,0.028276061944133235,0.6,0.515
D_KEEP_I_DECAY_100,decel,1.1,2516610,0.5,0.47636761669634353,0.6690431237220764,0.0,1,0.025933074896800523,0.6,0.515
D_KEEP_I_DECAY_100,decel,1.12,2516611,0.5,0.47862167361722285,0.6670875549316406,0.0,1,0.023632383303656468,0.6,0.515
D_KEEP_I_DECAY_100,decel,1.1400000000000001,2516612,0.5,0.48082580568929256,0.6651715636253357,0.0,1,0.021378326382777146,0.6,0.515
D_KEEP_I_DECAY_100,decel,1.16,2516613,0.5,0.4829775810429404,0.6632980704307556,0.0,1,0.019174194310707438,0.6,0.515
D_KEEP_I_DECAY_100,decel,1.18,2516614,0.5,0.48507547379904564,0.661469042301178,0.0,1,0.017022418957059582,0.6,0.515
D_KEEP_I_DECAY_100,decel,1.2,2516615,0.5,0.48711853028312324,0.6596858501434326,0.0,1,0.014924526200954358,0.6,0.515
D_KEEP_I_DECAY_100,decel,1.22,2516616,0.5,0.48910627365786563,0.6579492688179016,0.0,1,0.012881469716876759,0.6,0.515
D_KEEP_I_DECAY_100,decel,1.24,2516617,0.5,0.49103860855554265,0.6562596559524536,0.0,1,0.010893726342134369,0.6,0.515
D_KEEP_I_DECAY_100,decel,1.26,2516618,0.5,0.4929158687620595,0.654617190361023,0.0,1,0.008961391444457345,0.6,0.515
D_KEEP_I_DECAY_100,decel,1.28,2516619,0.5,0.49473853111442934,0.653021514415741,0.0,1,0.007084131237940494,0.6,0.515
D_KEEP_I_DECAY_100,decel,1.3,2516620,0.5,0.4965073108683386,0.651472270488739,0.0,1,0.005261468885570664,0.6,0.515
D_KEEP_I_DECAY_100,decel,1.32,2516621,0.5,0.4982232093816421,0.6499688029289246,0.0,1,0.0034926891316613973,0.6,0.515
D_KEEP_I_DECAY_100,decel,1.34,2516622,0.5,0.499887275696049,0.6485102772712708,0.0,1,0.001776790618357893,0.6,0.515
D_KEEP_I_DECAY_100,decel,1.36,2516623,0.5,0.5015058517456917,0.647095799446106,0.0,1,0.00011272430395098398,0.6,0.515
D_KEEP_I_DECAY_100,decel,1.3800000000000001,2516624,0.5,0.5030705928802588,0.6457133889198303,0.0,1,-0.001505851745691733,0.5999698829650861,0.515
D_KEEP_I_DECAY_100,decel,1.4000000000000001,2516625,0.5,0.5045832157135034,0.6443698406219482,0.0,1,-0.0030705928802587934,0.5999084711074809,0.515
D_KEEP_I_DECAY_100,decel,1.42,2516626,0.5,0.5060176372528331,0.6430639624595642,0.0,1,-0.004583215713503397,0.5998168067932108,0.515
D_KEEP_I_DECAY_100,decel,1.44,2516627,0.5,0.5070418357849669,0.6418182253837585,0.0,1,-0.006017637252833108,0.5996964540481542,0.515
D_KEEP_I_DECAY_100,decel,1.46,2516628,0.5,0.5046249389649557,0.6409167051315308,0.0,1,-0.007041835784966866,0.5995556173324549,0.515
D_KEEP_I_DECAY_100,decel,1.48,2516629,0.5,0.5001027584083613,0.642950713634491,0.0,1,-0.004624938964955749,0.5994631185531558,0.515
D_KEEP_I_DECAY_100,decel,1.5,2516630,0.5,0.4962906360673084,0.6467940807342529,0.0,1,-0.00010275840836126982,0.5994610633849886,0.515
D_KEEP_I_DECAY_100,decel,1.52,2516631,0.5,0.5012930870143999,0.650050699710846,0.0,1,0.0037093639326916117,0.5995352506636424,0.515
D_KEEP_I_DECAY_100,decel,1.54,2516632,0.5,0.5045604229025062,0.6457929611206055,0.0,1,-0.0012930870143998963,0.5995093889233545,0.515
D_KEEP_I_DECAY_100,decel,1.56,2516633,0.5,0.5073785781867198,0.6429956555366516,0.0,1,-0.004560422902506245,0.5994181804653044,0.515
D_KEEP_I_DECAY_100,decel,1.58,2516634,0.5,0.509906101227895,0.6405677199363708,0.0,1,-0.007378578186719831,0.59927060890157,0.515
D_KEEP_I_DECAY_100,decel,1.6,2516635,0.5,0.5121144771657787,0.6383757591247559,0.0,1,-0.009906101227895037,0.5990724868770121,0.515
D_KEEP_I_DECAY_100,decel,1.62,2516636,0.5,0.5125849723964375,0.6364453434944153,0.0,1,-0.012114477165778736,0.5988301973336965,0.515
D_KEEP_I_DECAY_100,decel,1.6400000000000001,2516637,0.5,0.509247112288963,0.6359900236129761,0.0,1,-0.012584972396437522,0.5985784978857677,0.515
D_KEEP_I_DECAY_100,decel,1.6600000000000001,2516638,0.5,0.5059607982743458,0.6387865543365479,0.0,1,-0.009247112288963022,0.5983935556399884,0.515
D_KEEP_I_DECAY_100,decel,1.68,2516639,0.5,0.5026909828268538,0.6415536999702454,0.0,1,-0.005960798274345813,0.5982743396745015,0.515
D_KEEP_I_DECAY_100,decel,1.7,2516640,0.5,0.5070445060879013,0.6443212032318115,0.0,1,-0.0026909828268537606,0.5982205200179644,0.515
D_KEEP_I_DECAY_100,decel,1.72,2516641,0.5,0.5107207298601534,0.640589714050293,0.0,1,-0.007044506087901303,0.5980796298962064,0.515
D_KEEP_I_DECAY_100,decel,1.74,2516642,0.5,0.5137844086273196,0.637417733669281,0.0,1,-0.010720729860153377,0.5978652152990034,0.515
D_KEEP_I_DECAY_100,decel,1.76,2516643,0.5,0.5147449971479372,0.6347529292106628,0.0,1,-0.013784408627319555,0.597589527126457,0.515
D_KEEP_I_DECAY_100,decel,1.78,2516644,0.5,0.511718845490187,0.6338715553283691,0.0,1,-0.0147449971479372,0.5972946271834982,0.515
D_KEEP_I_DECAY_100,decel,1.8,2516645,0.5,0.5086939335823619,0.6363922357559204,0.0,1,-0.01171884549018698,0.5970602502736945,0.515
D_KEEP_I_DECAY_100,decel,1.82,2516646,0.5,0.5057957650039786,0.6389251351356506,0.0,1,-0.008693933582361923,0.5968863716020473,0.515
D_KEEP_I_DECAY_100,decel,1.84,2516647,0.5,0.5031377793192959,0.6413630843162537,0.0,1,-0.0057957650039786035,0.5967704563019677,0.515
D_KEEP_I_DECAY_100,decel,1.86,2516648,0.5,0.5084486962599397,0.643608570098877,0.0,1,-0.0031377793192959302,0.5967077007155818,0.515
D_KEEP_I_DECAY_100,decel,1.8800000000000001,2516649,0.5,0.5129076959645655,0.6390570998191833,0.0,1,-0.008448696259939714,0.596538726790383,0.515
D_KEEP_I_DECAY_100,decel,1.9000000000000001,2516650,0.5,0.5163872721666636,0.6352101564407349,0.0,1,-0.012907695964565535,0.5962805728710917,0.515
D_KEEP_I_DECAY_100,decel,1.92,2516651,0.5,0.5168612960945935,0.6321804523468018,0.0,1,-0.01638727216666358,0.5959528274277585,0.515
D_KEEP_I_DECAY_100,decel,1.94,2516652,0.5,0.5139119152301396,0.6317033171653748,0.0,1,-0.016861296094593525,0.5956156015058666,0.515
D_KEEP_I_DECAY_100,decel,1.96,2516653,0.5,0.5111312870162921,0.6341490745544434,0.0,1,-0.013911915230139571,0.5953373632012637,0.515
D_KEEP_I_DECAY_100,decel,1.98,2516654,0.5,0.5084745410872695,0.6364636421203613,0.0,1,-0.011131287016292069,0.5951147374609379,0.515
D_KEEP_I_DECAY_100,decel,2.0,2516655,0.5,0.5059545043769338,0.6386845707893372,0.0,1,-0.008474541087269527,0.5949452466391925,0.515
