kp_brake,phase,elapsed_s,sim_frame,speed_cmd_mps,speed_mps,throttle,brake,gear,manual_gear_shift,speed_error_mps
0.8,stop,0.02,2434696,0.0,0.0,0.0,1.0,0,0,0.0
0.8,stop,0.04,2434697,0.0,0.0,0.0,1.0,0,0,0.0
0.8,stop,0.06,2434698,0.0,0.0,0.0,1.0,0,0,0.0
0.8,stop,0.08,2434699,0.0,0.0,0.0,1.0,0,0,0.0
0.8,stop,0.1,2434700,0.0,0.0,0.0,1.0,0,0,0.0
0.8,stop,0.12,2434701,0.0,0.0,0.0,1.0,0,0,0.0
0.8,stop,0.14,2434702,0.0,0.0,0.0,1.0,0,0,0.0
0.8,stop,0.16,2434703,0.0,0.0,0.0,1.0,0,0,0.0
0.8,stop,0.18,2434704,0.0,0.0,0.0,1.0,0,0,0.0
0.8,stop,0.2,2434705,0.0,0.0,0.0,1.0,0,0,0.0
0.8,stop,0.22,2434706,0.0,0.0,0.0,1.0,0,0,0.0
0.8,stop,0.24,2434707,0.0,0.0,0.0,1.0,0,0,0.0
0.8,stop,0.26,2434708,0.0,0.0,0.0,1.0,0,0,0.0
0.8,stop,0.28,2434709,0.0,0.0,0.0,1.0,0,0,0.0
0.8,stop,0.3,2434710,0.0,0.0,0.0,1.0,0,0,0.0
0.8,stop,0.32,2434711,0.0,0.0,0.0,1.0,0,0,0.0
0.8,stop,0.34,2434712,0.0,0.0,0.0,1.0,0,0,0.0
0.8,stop,0.36,2434713,0.0,0.0,0.0,1.0,0,0,0.0
0.8,stop,0.38,2434714,0.0,0.0,0.0,1.0,0,0,0.0
0.8,stop,0.4,2434715,0.0,0.0,0.0,1.0,0,0,0.0
0.8,stop,0.42,2434716,0.0,0.0,0.0,1.0,0,0,0.0
0.8,stop,0.44,2434717,0.0,0.0,0.0,1.0,0,0,0.0
0.8,stop,0.46,2434718,0.0,0.0,0.0,1.0,0,0,0.0
0.8,stop,0.48,2434719,0.0,0.0,0.0,1.0,0,0,0.0
0.8,stop,0.5,2434720,0.0,0.0,0.0,1.0,0,0,0.0
0.8,stop,0.52,2434721,0.0,0.0,0.0,1.0,0,0,0.0
0.8,stop,0.54,2434722,0.0,0.0,0.0,1.0,0,0,0.0
0.8,stop,0.56,2434723,0.0,0.0,0.0,1.0,0,0,0.0
0.8,stop,0.58,2434724,0.0,0.0,0.0,1.0,0,0,0.0
0.8,stop,0.6,2434725,0.0,0.0,0.0,1.0,0,0,0.0
0.8,stop,0.62,2434726,0.0,0.0,0.0,1.0,0,0,0.0
0.8,stop,0.64,2434727,0.0,0.0,0.0,1.0,0,0,0.0
0.8,stop,0.66,2434728,0.0,0.0,0.0,1.0,0,0,0.0
0.8,stop,0.68,2434729,0.0,0.0,0.0,1.0,0,0,0.0
0.8,stop,0.7000000000000001,2434730,0.0,0.0,0.0,1.0,0,0,0.0
0.8,stop,0.72,2434731,0.0,0.0,0.0,1.0,0,0,0.0
0.8,stop,0.74,2434732,0.0,0.0,0.0,1.0,0,0,0.0
0.8,stop,0.76,2434733,0.0,0.0,0.0,1.0,0,0,0.0
0.8,stop,0.78,2434734,0.0,0.0,0.0,1.0,0,0,0.0
0.8,stop,0.8,2434735,0.0,0.0,0.0,1.0,0,0,0.0
0.8,stop,0.8200000000000001,2434736,0.0,0.0,0.0,1.0,0,0,0.0
0.8,stop,0.84,2434737,0.0,0.0,0.0,1.0,0,0,0.0
0.8,stop,0.86,2434738,0.0,0.0,0.0,1.0,0,0,0.0
0.8,stop,0.88,2434739,0.0,0.0,0.0,1.0,0,0,0.0
0.8,stop,0.9,2434740,0.0,0.003983581443205829,0.0,1.0,0,0,0.0
0.8,stop,0.92,2434741,0.0,0.01998720472424225,0.0,1.0,0,0,-0.003983581443205829
0.8,stop,0.9400000000000001,2434742,0.0,0.026580814140935514,0.0,1.0,0,0,-0.01998720472424225
0.8,stop,0.96,2434743,0.0,0.01815142336495281,0.0,1.0,0,0,-0.026580814140935514
0.8,stop,0.98,2434744,0.0,0.011893734987774103,0.0,1.0,0,0,-0.01815142336495281
0.8,stop,1.0,2434745,0.0,0.007005072307122518,0.0,1.0,0,0,-0.011893734987774103
0.8,pre,0.02,2434746,0.7,0.003446401926163309,1.0,0.0,0,0,0.6929949276928774
0.8,pre,0.04,2434747,0.7,0.0012572181762704868,1.0,0.0,0,0,0.6965535980738367
0.8,pre,0.06,2434748,0.7,0.0016817045530779773,1.0,0.0,0,0,0.6987427818237295
0.8,pre,0.08,2434749,0.7,0.0027931161964652434,1.0,0.0,0,0,0.698318295446922
0.8,pre,0.1,2434750,0.7,0.0035750251256930128,1.0,0.0,0,0,0.6972068838035347
0.8,pre,0.12,2434751,0.7,0.004036231513576292,1.0,0.0,0,0,0.696424974874307
0.8,pre,0.14,2434752,0.7,0.004245182610400603,1.0,0.0,0,0,0.6959637684864237
0.8,pre,0.16,2434753,0.7,0.004265781317587058,1.0,0.0,0,0,0.6957548173895993
0.8,pre,0.18,2434754,0.7,0.004151238144332258,1.0,0.0,0,0,0.6957342186824129
0.8,pre,0.2,2434755,0.7,0.003944049960250567,1.0,0.0,0,0,0.6958487618556677
0.8,pre,0.22,2434756,0.7,0.003677385315247819,1.0,0.0,0,0,0.6960559500397494
0.8,pre,0.24,2434757,0.7,0.0033767976781477575,1.0,0.0,0,0,0.6963226146847521
0.8,pre,0.26,2434758,0.7,0.0030613763868573233,1.0,0.0,0,0,0.6966232023218522
0.8,pre,0.28,2434759,0.7,0.0027451013096508855,1.0,0.0,0,0,0.6969386236131426
0.8,pre,0.3,2434760,0.7,0.002437967384781181,1.0,0.0,0,0,0.6972548986903491
0.8,pre,0.32,2434761,0.7,0.002146743023191239,1.0,0.0,0,0,0.6975620326152188
0.8,pre,0.34,2434762,0.7,0.0018756960362001397,1.0,0.0,0,0,0.6978532569768087
0.8,pre,0.36,2434763,0.7,0.0016271477436462383,1.0,0.0,0,0,0.6981243039637998
0.8,pre,0.38,2434764,0.7,0.0014021800830502495,1.0,0.0,0,0,0.6983728522563537
0.8,pre,0.4,2434765,0.7,0.001200651150582877,1.0,0.0,0,0,0.6985978199169497
0.8,pre,0.42,2434766,0.7,0.0010219178501140371,1.0,0.0,0,0,0.6987993488494171
0.8,pre,0.44,2434767,0.7,0.0008646717392612951,1.0,0.0,0,0,0.6989780821498859
0.8,pre,0.46,2434768,0.7,0.0007273947908342412,1.0,0.0,0,0,0.6991353282607387
0.8,pre,0.48,2434769,0.7,0.0006084412808857991,1.0,0.0,0,0,0.6992726052091657
0.8,pre,0.5,2434770,0.7,0.0005060409467185633,1.0,0.0,0,0,0.6993915587191142
0.8,pre,0.52,2434771,0.7,0.00041841221556036134,1.0,0.0,0,0,0.6994939590532814
0.8,pre,0.54,2434772,0.7,0.0003439443808892684,1.0,0.0,0,0,0.6995815877844396
0.8,pre,0.56,2434773,0.7,0.0002809712772151556,1.0,0.0,0,0,0.6996560556191107
0.8,pre,0.58,2434774,0.7,0.0002280317370056602,1.0,0.0,0,0,0.6997190287227848
0.8,pre,0.6,2434775,0.7,0.00018381720298654784,1.0,0.0,0,0,0.6997719682629943
0.8,pre,0.62,2434776,0.7,0.00014708884314620368,1.0,0.0,0,0,0.6998161827970134
0.8,pre,0.64,2434777,0.7,0.00011683758380792838,1.0,0.0,0,0,0.6998529111568538
0.8,pre,0.66,2434778,0.7,9.207128938002512e-05,1.0,0.0,0,0,0.699883162416192
0.8,pre,0.68,2434779,0.7,7.188597660825825e-05,1.0,0.0,0,0,0.6999079287106199
0.8,pre,0.7000000000000001,2434780,0.7,5.5636499514612494e-05,1.0,0.0,0,0,0.6999281140233917
0.8,pre,0.72,2434781,0.7,4.264337525905352e-05,1.0,0.0,0,0,0.6999443635004854
0.8,pre,0.74,2434782,0.7,3.2391904430805485e-05,1.0,0.0,0,0,0.6999573566247409
0.8,pre,0.76,2434783,0.7,2.4405311790318018e-05,1.0,0.0,0,0,0.6999676080955691
0.8,pre,0.78,2434784,0.7,1.832520593156819e-05,1.0,0.0,0,0,0.6999755946882097
0.8,pre,0.8,2434785,0.7,1.386455898663868e-05,1.0,0.0,0,0,0.6999816747940684
0.8,pre,0.8200000000000001,2434786,0.7,1.0707881605360012e-05,1.0,0.0,0,0,0.6999861354410133
0.8,pre,0.84,2434787,0.7,8.648796700463393e-06,1.0,0.0,0,0,0.6999892921183946
0.8,pre,0.86,2434788,0.7,7.3886727780105416e-06,1.0,0.0,0,0,0.6999913512032995
0.8,pre,0.88,2434789,0.7,6.640818772574888e-06,1.0,0.0,0,0,0.6999926113272219
0.8,pre,0.9,2434790,0.7,6.202418784294622e-06,1.0,0.0,0,0,0.6999933591812274
0.8,pre,0.92,2434791,0.7,0.0,1.0,0.0,0,0,0.6999937975812157
0.8,pre,0.9400000000000001,2434792,0.7,2.4047880384400944e-06,1.0,0.0,0,0,0.7
0.8,pre,0.96,2434793,0.7,2.9783583926509783e-06,1.0,0.0,0,0,0.6999975952119615
0.8,pre,0.98,2434794,0.7,3.224433393524613e-06,1.0,0.0,0,0,0.6999970216416073
0.8,pre,1.0,2434795,0.7,3.205771260331307e-06,1.0,0.0,0,0,0.6999967755666064
0.8,pre,1.02,2434796,0.7,0.02441676709385187,1.0,0.0,0,0,0.6999967942287396
0.8,pre,1.04,2434797,0.7,0.0730955246860571,1.0,0.0,1,0,0.6755832329061481
0.8,pre,1.06,2434798,0.7,0.11934708485153762,1.0,0.0,1,0,0.6269044753139429
0.8,pre,1.08,2434799,0.7,0.1620844743006149,1.0,0.0,1,0,0.5806529151484623
0.8,pre,1.1,2434800,0.7,0.20099957263776283,1.0,0.0,1,0,0.537915525699385
0.8,pre,1.12,2434801,0.7,0.23615050631052764,1.0,0.0,1,0,0.49900042736223715
0.8,pre,1.1400000000000001,2434802,0.7,0.2678518089029834,1.0,0.0,1,0,0.4638494936894723
0.8,pre,1.16,2434803,0.7,0.29645059398754203,1.0,0.0,1,0,0.4321481910970166
0.8,pre,1.18,2434804,0.7,0.3222284101808801,1.0,0.0,1,0,0.4035494060124579
0.8,pre,1.2,2434805,0.7,0.34549181626024633,1.0,0.0,1,0,0.37777158981911985
0.8,pre,1.22,2434806,0.7,0.3665465365069859,1.0,0.0,1,0,0.3545081837397536
0.8,pre,1.24,2434807,0.7,0.3856797461879059,1.0,0.0,1,0,0.3334534634930141
0.8,pre,1.26,2434808,0.7,0.4031517984315012,1.0,0.0,1,0,0.31432025381209405
0.8,pre,1.28,2434809,0.7,0.4191945076222662,1.0,0.0,1,0,0.2968482015684988
0.8,pre,1.3,2434810,0.7,0.43401122094214883,1.0,0.0,1,0,0.2808054923777338
0.8,pre,1.32,2434811,0.7,0.4477673054813406,0.9910904765129089,0.0,1,0,0.2659887790578511
0.8,pre,1.34,2434812,0.7,0.4605864527603907,0.9793977737426758,0.0,1,0,0.2522326945186594
0.8,pre,1.36,2434813,0.7,0.47257127809992366,0.9685015082359314,0.0,1,0,0.23941354723960928
0.8,pre,1.3800000000000001,2434814,0.7,0.48381214211434764,0.9583144187927246,0.0,1,0,0.2274287219000763
0.8,pre,1.4000000000000001,2434815,0.7,0.49438824743559157,0.9487596750259399,0.0,1,0,0.2161878578856523
0.8,pre,1.42,2434816,0.7,0.5043689261717933,0.939769983291626,0.0,1,0,0.2056117525644084
0.8,pre,1.44,2434817,0.7,0.5139678013793864,0.9312863945960999,0.0,1,0,0.19563107382820666
0.8,pre,1.46,2434818,0.7,0.5230068220678434,0.9231273531913757,0.0,1,0,0.1860321986206136
0.8,pre,1.48,2434819,0.7,0.5316037669771454,0.9154441952705383,0.0,1,0,0.17699317793215652
0.8,pre,1.5,2434820,0.7,0.5389976039997433,0.908136785030365,0.0,1,0,0.16839623302285456
0.8,pre,1.52,2434821,0.7,0.5421443954793825,0.901852011680603,0.0,1,0,0.16100239600025668
0.8,pre,1.54,2434822,0.7,0.5416110054824272,0.8991772532463074,0.0,1,0,0.15785560452061742
0.8,pre,1.56,2434823,0.7,0.541594602367496,0.8996306657791138,0.0,1,0,0.1583889945175727
0.8,pre,1.58,2434824,0.7,0.5419878023691588,0.8996446132659912,0.0,1,0,0.15840539763250394
0.8,pre,1.6,2434825,0.7,0.5428034800479755,0.8993103504180908,0.0,1,0,0.15801219763084118
0.8,pre,1.62,2434826,0.7,0.5440306204451163,0.8986170291900635,0.0,1,0,0.15719651995202444
0.8,pre,1.6400000000000001,2434827,0.7,0.5456528680444444,0.8975739479064941,0.0,1,0,0.15596937955488366
0.8,pre,1.6600000000000001,2434828,0.7,0.5476506248499539,0.8961950540542603,0.0,1,0,0.1543471319555556
0.8,pre,1.68,2434829,0.7,0.5500027193148862,0.8944969773292542,0.0,1,0,0.1523493751500461
0.8,pre,1.7,2434830,0.7,0.5526866924255955,0.892497718334198,0.0,1,0,0.14999728068511375
0.8,pre,1.72,2434831,0.7,0.5556790838114589,0.8902162909507751,0.0,1,0,0.14731330757440442
0.8,pre,1.74,2434832,0.7,0.5589558132067494,0.8876727819442749,0.0,1,0,0.14432091618854104
0.8,pre,1.76,2434833,0.7,0.5624924665571058,0.8848875761032104,0.0,1,0,0.1410441867932506
0.8,pre,1.78,2434834,0.7,0.5662645821204095,0.8818814158439636,0.0,1,0,0.13750753344289413
0.8,pre,1.8,2434835,0.7,0.5702471736308016,0.878675103187561,0.0,1,0,0.13373541787959042
0.8,pre,1.82,2434836,0.7,0.5744158747082428,0.8752899169921875,0.0,1,0,0.12975282636919838
0.8,pre,1.84,2434837,0.7,0.5787464620222335,0.8717464804649353,0.0,1,0,0.1255841252917571
0.8,pre,1.86,2434838,0.7,0.5832154274982716,0.8680655360221863,0.0,1,0,0.1212535379777665
0.8,pre,1.8800000000000001,2434839,0.7,0.5878000736838163,0.8642668724060059,0.0,1,0,0.11678457250172836
0.8,pre,1.9000000000000001,2434840,0.7,0.5924785137508486,0.8603699207305908,0.0,1,0,0.1121999263161837
0.8,pre,1.92,2434841,0.7,0.5972296714942507,0.8563932776451111,0.0,1,0,0.10752148624915137
0.8,pre,1.94,2434842,0.7,0.6020338058530471,0.8523547649383545,0.0,1,0,0.1027703285057493
0.8,pre,1.96,2434843,0.7,0.6068725585948938,0.8482712507247925,0.0,1,0,0.09796619414695285
0.8,pre,1.98,2434844,0.7,0.6117280960083098,0.8441583514213562,0.0,1,0,0.0931274414051062
0.8,pre,2.0,2434845,0.7,0.6165841579449669,0.8400311470031738,0.0,1,0,0.08827190399169016
0.8,pre,2.02,2434846,0.7,0.6214262962380201,0.8359034657478333,0.0,1,0,0.08341584205503305
0.8,pre,2.04,2434847,0.7,0.6262403488230569,0.831787645816803,0.0,1,0,0.07857370376197981
0.8,pre,2.06,2434848,0.7,0.6310141086685317,0.8276957273483276,0.0,1,0,0.07375965117694305
0.8,pre,2.08,2434849,0.7,0.6357361793660095,0.8236380219459534,0.0,1,0,0.06898589133146826
0.8,pre,2.1,2434850,0.7,0.6403964042838959,0.8196242451667786,0.0,1,0,0.0642638206339905
0.8,pre,2.12,2434851,0.7,0.6449859619344517,0.8156630396842957,0.0,1,0,0.059603595716104074
0.8,pre,2.14,2434852,0.7,0.6494967937698123,0.8117619156837463,0.0,1,0,0.055014038065548276
0.8,pre,2.16,2434853,0.7,0.653922081018651,0.8079277276992798,0.0,1,0,0.05050320623018767
0.8,pre,2.18,2434854,0.7,0.6582559109000794,0.8041662573814392,0.0,1,0,0.04607791898134894
0.8,pre,2.2,2434855,0.7,0.6624930858893389,0.800482451915741,0.0,1,0,0.041744089099920556
0.8,pre,2.22,2434856,0.7,0.6666294575030547,0.7968809008598328,0.0,1,0,0.037506914110661094
0.8,pre,2.24,2434857,0.7,0.6706614017789981,0.793364942073822,0.0,1,0,0.033370542496945266
0.8,pre,2.2600000000000002,2434858,0.7,0.6745863437963755,0.7899377942085266,0.0,1,0,0.02933859822100182
0.8,pre,2.2800000000000002,2434859,0.7,0.6784019470533049,0.7866016030311584,0.0,1,0,0.025413656203624457
0.8,pre,2.3000000000000003,2434860,0.7,0.6821067810383403,0.7833583354949951,0.0,1,0,0.021598052946695034
0.8,pre,2.32,2434861,0.7,0.6856997967098035,0.7802092432975769,0.0,1,0,0.01789321896165963
0.8,pre,2.34,2434862,0.7,0.6891803264955834,0.7771551609039307,0.0,1,0,0.014300203290196434
0.8,pre,2.36,2434863,0.7,0.6925484657633401,0.7741967439651489,0.0,1,0,0.010819673504416594
0.8,pre,2.38,2434864,0.7,0.6958044052477552,0.7713338136672974,0.0,1,0,0.007451534236659896
0.8,pre,2.4,2434865,0.7,0.6989489555723155,0.7685662508010864,0.0,1,0,0.004195594752244736
0.8,pre,2.42,2434866,0.7,0.7019828796762616,0.7658933997154236,0.0,1,0,0.0010510444276844444
0.8,pre,2.44,2434867,0.7,0.7049075603871733,0.7633058428764343,0.0,1,0,-0.0019828796762616507
0.8,pre,2.46,2434868,0.7,0.7077244759007708,0.7607982754707336,0.0,1,0,-0.004907560387173326
0.8,pre,2.48,2434869,0.7,0.7104350567282599,0.7583698630332947,0.0,1,0,-0.007724475900770855
0.8,pre,2.5,2434870,0.7,0.7130411148507214,0.7560200095176697,0.0,1,0,-0.01043505672825995
0.8,decel,0.02,2434871,0.5,0.7154067993617963,0.0,0.1704328954219818,1,0,-0.2130411148507214
0.8,decel,0.04,2434872,0.5,0.7168092728124731,0.0,0.17232543230056763,1,0,-0.2154067993617963
0.8,decel,0.06,2434873,0.5,0.7171031952364229,0.0,0.1734474152326584,1,0,-0.2168092728124731
0.8,decel,0.08,2434874,0.5,0.7161412716344339,0.0,0.1736825555562973,1,0,-0.21710319523642285
0.8,decel,0.1,2434875,0.5,0.7138417721172303,0.0,0.17291301488876343,1,0,-0.21614127163443386
0.8,decel,0.12,2434876,0.5,0.7103690624538687,0.0,0.17107342183589935,1,0,-0.21384177211723032
0.8,decel,0.14,2434877,0.5,0.7058627605655575,0.0,0.1682952493429184,1,0,-0.21036906245386866
0.8,decel,0.16,2434878,0.5,0.7004230976243571,0.0,0.16469021141529083,1,0,-0.20586276056555752
0.8,decel,0.18,2434879,0.5,0.6941238403396713,0.0,0.16033847630023956,1,0,-0.20042309762435706
0.8,decel,0.2,2434880,0.5,0.6870246410404638,0.0,0.15529906749725342,1,0,-0.19412384033967134
0.8,decel,0.22,2434881,0.5,0.679179477692865,0.0,0.1496197134256363,1,0,-0.1870246410404638
0.8,decel,0.24,2434882,0.5,0.6706445693972617,0.0,0.14334358274936676,1,0,-0.17917947769286502
0.8,decel,0.26,2434883,0.5,0.6614834308624731,0.0,0.13651566207408905,1,0,-0.1706445693972617
0.8,decel,0.28,2434884,0.5,0.6517683506012161,0.0,0.129186749458313,1,0,-0.16148343086247308
0.8,decel,0.3,2434885,0.5,0.6415822505952155,0.0,0.1214146837592125,1,0,-0.15176835060121607
0.8,decel,0.32,2434886,0.5,0.6310160160072181,0.0,0.11326579749584198,1,0,-0.14158225059521545
0.8,decel,0.34,2434887,0.5,0.6201646804839623,0.0,0.10481281578540802,1,0,-0.13101601600721813
0.8,decel,0.36,2434888,0.5,0.6091217041105976,0.0,0.09613174200057983,1,0,-0.12016468048396234
0.8,decel,0.38,2434889,0.5,0.5979735374680815,0.0,0.08729736506938934,1,0,-0.10912170411059763
0.8,decel,0.4,2434890,0.5,0.586794853262999,0.0,0.078378826379776,1,0,-0.09797353746808146
0.8,decel,0.42,2434891,0.5,0.5756445408979126,0.0,0.06943587958812714,1,0,-0.08679485326299896
0.8,decel,0.44,2434892,0.5,0.5645660879446937,0.0,0.0605156309902668,1,0,-0.07564454089791262
0.8,decel,0.46,2434893,0.5,0.5535886768733382,0.0,0.05165287107229233,1,0,-0.06456608794469365
0.8,decel,0.48,2434894,0.5,0.5427298553374977,0.0,0.04287094250321388,1,0,-0.05358867687333824
0.8,decel,0.5,2434895,0.5,0.5319993985419097,0.0,0.03418388590216637,1,0,-0.042729855337497735
0.8,decel,0.52,2434896,0.5,0.521400644369888,0.0,0.025599518790841103,1,0,-0.031999398541909696
0.8,decel,0.54,2434897,0.5,0.5109460859163157,0.4967152774333954,0.0,1,0,-0.021400644369887978
0.8,decel,0.56,2434898,0.5,0.5009880103573205,0.5055534839630127,0.0,1,0,-0.01094608591631574
0.8,decel,0.58,2434899,0.5,0.48758483240865996,0.5140135288238525,0.0,1,0,-0.0009880103573205457
0.8,decel,0.6,2434900,0.5,0.4763039605395041,0.5254608392715454,0.0,1,0,0.012415167591340037
0.8,decel,0.62,2434901,0.5,0.46671032999580897,0.535153865814209,0.0,1,0,0.02369603946049592
0.8,decel,0.64,2434902,0.5,0.4586895471513519,0.5434548854827881,0.0,1,0,0.03328967000419103
0.8,decel,0.66,2434903,0.5,0.452064514522177,0.550454318523407,0.0,1,0,0.041310452848648094
0.8,decel,0.68,2434904,0.5,0.44666390444001774,0.5562965273857117,0.0,1,0,0.047935485477823
0.8,decel,0.7000000000000001,2434905,0.5,0.44232544917878575,0.5611217617988586,0.0,1,0,0.053336095559982255
0.8,decel,0.72,2434906,0.5,0.43889932648192237,0.5650631785392761,0.0,1,0,0.057674550821214254
0.8,decel,0.74,2434907,0.5,0.4362484456546298,0.568244218826294,0.0,1,0,0.06110067351807763
0.8,decel,0.76,2434908,0.5,0.4342508317434032,0.5707780122756958,0.0,1,0,0.06375155434537022
0.8,decel,0.78,2434909,0.5,0.4327998639559558,0.5727652311325073,0.0,1,0,0.06574916825659682
0.8,decel,0.8,2434910,0.5,0.4318036080852252,0.5742942690849304,0.0,1,0,0.06720013604404418
0.8,decel,0.8200000000000001,2434911,0.5,0.43118281379301326,0.5754411220550537,0.0,1,0,0.06819639191477478
0.8,decel,0.84,2434912,0.5,0.4308701516707183,0.5762715935707092,0.0,1,0,0.06881718620698674
0.8,decel,0.86,2434913,0.5,0.43080868736108513,0.5768415331840515,0.0,1,0,0.0691298483292817
0.8,decel,0.88,2434914,0.5,0.43094983115720364,0.5771982073783875,0.0,1,0,0.06919131263891487
0.8,decel,0.9,2434915,0.5,0.4312526704305678,0.5773820877075195,0.0,1,0,0.06905016884279636
0.8,decel,0.92,2434916,0.5,0.43168368352969233,0.5774271488189697,0.0,1,0,0.06874732956943219
0.8,decel,0.9400000000000001,2434917,0.5,0.4322149277972132,0.5773614048957825,0.0,1,0,0.06831631647030767
0.8,decel,0.96,2434918,0.5,0.4328236104176747,0.5772081017494202,0.0,1,0,0.06778507220278679
0.8,decel,0.98,2434919,0.5,0.433490944008094,0.5769862532615662,0.0,1,0,0.0671763895823253
0.8,decel,1.0,2434920,0.5,0.43420147904479023,0.5767117142677307,0.0,1,0,0.06650905599190599
0.8,decel,1.02,2434921,0.5,0.4349427223948732,0.5763972401618958,0.0,1,0,0.06579852095520977
0.8,decel,1.04,2434922,0.5,0.43570432669228243,0.5760534405708313,0.0,1,0,0.0650572776051268
0.8,decel,1.06,2434923,0.5,0.4364780426545088,0.5756889581680298,0.0,1,0,0.06429567330771757
0.8,decel,1.08,2434924,0.5,0.4372572422452549,0.5753108263015747,0.0,1,0,0.06352195734549121
0.8,decel,1.1,2434925,0.5,0.43803653720459684,0.5749245882034302,0.0,1,0,0.06274275775474508
0.8,decel,1.12,2434926,0.5,0.4388117790492997,0.5745348334312439,0.0,1,0,0.06196346279540316
0.8,decel,1.1400000000000001,2434927,0.5,0.43957953455175974,0.5741450786590576,0.0,1,0,0.06118822095070031
0.8,decel,1.16,2434928,0.5,0.4403374672097729,0.5737583637237549,0.0,1,0,0.06042046544824026
0.8,decel,1.18,2434929,0.5,0.4410834789398928,0.5733765959739685,0.0,1,0,0.059662532790227096
0.8,decel,1.2,2434930,0.5,0.4418162345977207,0.5730017423629761,0.0,1,0,0.058916521060107196
0.8,decel,1.22,2434931,0.5,0.44253463745780486,0.5726348757743835,0.0,1,0,0.05818376540227932
0.8,decel,1.24,2434932,0.5,0.44323806763169493,0.5722771286964417,0.0,1,0,0.05746536254219514
0.8,decel,1.26,2434933,0.5,0.4439259529147205,0.5719289183616638,0.0,1,0,0.05676193236830507
0.8,decel,1.28,2434934,0.5,0.4445982456230274,0.5715909600257874,0.0,1,0,0.05607404708527952
0.8,decel,1.3,2434935,0.5,0.44525485038912266,0.5712632536888123,0.0,1,0,0.05540175437697259
0.8,decel,1.32,2434936,0.5,0.4458958148966615,0.5709460377693176,0.0,1,0,0.05474514961087734
0.8,decel,1.34,2434937,0.5,0.44652137756413435,0.5706393122673035,0.0,1,0,0.054104185103338476
0.8,decel,1.36,2434938,0.5,0.4471316814426646,0.5703428387641907,0.0,1,0,0.05347862243586565
0.8,decel,1.3800000000000001,2434939,0.5,0.4477271556856568,0.5700567364692688,0.0,1,0,0.052868318557335425
0.8,decel,1.4000000000000001,2434940,0.5,0.4483080387116726,0.5697805881500244,0.0,1,0,0.0522728443143432
0.8,decel,1.42,2434941,0.5,0.44887475967413176,0.569514274597168,0.0,1,0,0.051691961288327426
0.8,decel,1.44,2434942,0.5,0.4494276523590342,0.5692574977874756,0.0,1,0,0.05112524032586824
0.8,decel,1.46,2434943,0.5,0.4499671936035238,0.5690100789070129,0.0,1,0,0.0505723476409658
0.8,decel,1.48,2434944,0.5,0.4504938602447523,0.5687716007232666,0.0,1,0,0.050032806396476226
0.8,decel,1.5,2434945,0.5,0.4510078430175781,0.5685417652130127,0.0,1,0,0.0495061397552477
0.8,decel,1.52,2434946,0.5,0.4515098094940198,0.5683204531669617,0.0,1,0,0.048992156982421875
0.8,decel,1.54,2434947,0.5,0.4519999504089388,0.5681071281433105,0.0,1,0,0.04849019050598019
0.8,decel,1.56,2434948,0.5,0.4524787425994911,0.5679017305374146,0.0,1,0,0.04800004959106119
0.8,decel,1.58,2434949,0.5,0.4529465198516899,0.5677038431167603,0.0,1,0,0.04752125740050889
0.8,decel,1.6,2434950,0.5,0.45340361595154344,0.5675132274627686,0.0,1,0,0.04705348014831012
0.8,decel,1.62,2434951,0.5,0.45385050773621155,0.5673297643661499,0.0,1,0,0.04659638404845656
0.8,decel,1.6400000000000001,2434952,0.5,0.4542873382568399,0.5671529173851013,0.0,1,0,0.04614949226378845
0.8,decel,1.6600000000000001,2434953,0.5,0.45471458435058987,0.5669827461242676,0.0,1,0,0.04571266174316008
0.8,decel,1.68,2434954,0.5,0.4551324844360364,0.56681889295578,0.0,1,0,0.04528541564941013
0.8,decel,1.7,2434955,0.5,0.4555413246154787,0.5666610598564148,0.0,1,0,0.04486751556396362
0.8,decel,1.72,2434956,0.5,0.45594134330749514,0.5665091872215271,0.0,1,0,0.04445867538452131
0.8,decel,1.74,2434957,0.5,0.4563328742980963,0.5663630366325378,0.0,1,0,0.04405865669250486
0.8,decel,1.76,2434958,0.5,0.45671615600586113,0.5662223696708679,0.0,1,0,0.043667125701903675
0.8,decel,1.78,2434959,0.5,0.4570915222168007,0.566087007522583,0.0,1,0,0.04328384399413887
0.8,decel,1.8,2434960,0.5,0.4574590682983451,0.5659567713737488,0.0,1,0,0.042908477783199284
0.8,decel,1.82,2434961,0.5,0.45781908035278873,0.5658314824104309,0.0,1,0,0.042540931701654905
0.8,decel,1.84,2434962,0.5,0.4581717967987128,0.5657110810279846,0.0,1,0,0.04218091964721127
0.8,decel,1.86,2434963,0.5,0.4585174560546985,0.5655953288078308,0.0,1,0,0.04182820320128722
0.8,decel,1.8800000000000001,2434964,0.5,0.45885620117189224,0.5654840469360352,0.0,1,0,0.04148254394530149
0.8,decel,1.9000000000000001,2434965,0.5,0.4591882228851554,0.5653771162033081,0.0,1,0,0.04114379882810776
0.8,decel,1.92,2434966,0.5,0.45951371192935164,0.5652744770050049,0.0,1,0,0.04081177711484463
0.8,decel,1.94,2434967,0.5,0.45983295440677174,0.5651759505271912,0.0,1,0,0.04048628807064836
0.8,decel,1.96,2434968,0.5,0.46014599800113964,0.5650813579559326,0.0,1,0,0.04016704559322826
0.8,decel,1.98,2434969,0.5,0.4604529857635991,0.5649906396865845,0.0,1,0,0.039854001998860356
0.8,decel,2.0,2434970,0.5,0.46075415611272785,0.5649036765098572,0.0,1,0,0.03954701423640089
1.0,stop,0.02,2434974,0.0,0.0,0.0,1.0,0,0,0.0
1.0,stop,0.04,2434975,0.0,0.0,0.0,1.0,0,0,0.0
1.0,stop,0.06,2434976,0.0,0.0,0.0,1.0,0,0,0.0
1.0,stop,0.08,2434977,0.0,0.0,0.0,1.0,0,0,0.0
1.0,stop,0.1,2434978,0.0,0.0,0.0,1.0,0,0,0.0
1.0,stop,0.12,2434979,0.0,0.0,0.0,1.0,0,0,0.0
1.0,stop,0.14,2434980,0.0,0.0,0.0,1.0,0,0,0.0
1.0,stop,0.16,2434981,0.0,0.0,0.0,1.0,0,0,0.0
1.0,stop,0.18,2434982,0.0,0.0,0.0,1.0,0,0,0.0
1.0,stop,0.2,2434983,0.0,0.0,0.0,1.0,0,0,0.0
1.0,stop,0.22,2434984,0.0,0.0,0.0,1.0,0,0,0.0
1.0,stop,0.24,2434985,0.0,0.0,0.0,1.0,0,0,0.0
1.0,stop,0.26,2434986,0.0,0.0,0.0,1.0,0,0,0.0
1.0,stop,0.28,2434987,0.0,0.0,0.0,1.0,0,0,0.0
1.0,stop,0.3,2434988,0.0,0.0,0.0,1.0,0,0,0.0
1.0,stop,0.32,2434989,0.0,0.0,0.0,1.0,0,0,0.0
1.0,stop,0.34,2434990,0.0,0.0,0.0,1.0,0,0,0.0
1.0,stop,0.36,2434991,0.0,0.0,0.0,1.0,0,0,0.0
1.0,stop,0.38,2434992,0.0,0.0,0.0,1.0,0,0,0.0
1.0,stop,0.4,2434993,0.0,0.0,0.0,1.0,0,0,0.0
1.0,stop,0.42,2434994,0.0,0.0,0.0,1.0,0,0,0.0
1.0,stop,0.44,2434995,0.0,0.0,0.0,1.0,0,0,0.0
1.0,stop,0.46,2434996,0.0,0.0,0.0,1.0,0,0,0.0
1.0,stop,0.48,2434997,0.0,0.0,0.0,1.0,0,0,0.0
1.0,stop,0.5,2434998,0.0,0.0,0.0,1.0,0,0,0.0
1.0,stop,0.52,2434999,0.0,0.0,0.0,1.0,0,0,0.0
1.0,stop,0.54,2435000,0.0,0.0,0.0,1.0,0,0,0.0
1.0,stop,0.56,2435001,0.0,0.0,0.0,1.0,0,0,0.0
1.0,stop,0.58,2435002,0.0,0.0,0.0,1.0,0,0,0.0
1.0,stop,0.6,2435003,0.0,0.0,0.0,1.0,0,0,0.0
1.0,stop,0.62,2435004,0.0,0.0,0.0,1.0,0,0,0.0
1.0,stop,0.64,2435005,0.0,0.0,0.0,1.0,0,0,0.0
1.0,stop,0.66,2435006,0.0,0.0,0.0,1.0,0,0,0.0
1.0,stop,0.68,2435007,0.0,0.0,0.0,1.0,0,0,0.0
1.0,stop,0.7000000000000001,2435008,0.0,0.0,0.0,1.0,0,0,0.0
1.0,stop,0.72,2435009,0.0,0.0,0.0,1.0,0,0,0.0
1.0,stop,0.74,2435010,0.0,0.0,0.0,1.0,0,0,0.0
1.0,stop,0.76,2435011,0.0,0.0,0.0,1.0,0,0,0.0
1.0,stop,0.78,2435012,0.0,0.0,0.0,1.0,0,0,0.0
1.0,stop,0.8,2435013,0.0,0.0,0.0,1.0,0,0,0.0
1.0,stop,0.8200000000000001,2435014,0.0,0.0,0.0,1.0,0,0,0.0
1.0,stop,0.84,2435015,0.0,0.0,0.0,1.0,0,0,0.0
1.0,stop,0.86,2435016,0.0,0.0,0.0,1.0,0,0,0.0
1.0,stop,0.88,2435017,0.0,0.0,0.0,1.0,0,0,0.0
1.0,stop,0.9,2435018,0.0,0.003983581443205829,0.0,1.0,0,0,0.0
1.0,stop,0.92,2435019,0.0,0.01998720472424225,0.0,1.0,0,0,-0.003983581443205829
1.0,stop,0.9400000000000001,2435020,0.0,0.026580814140935514,0.0,1.0,0,0,-0.01998720472424225
1.0,stop,0.96,2435021,0.0,0.01815142336495281,0.0,1.0,0,0,-0.026580814140935514
1.0,stop,0.98,2435022,0.0,0.011893734987774103,0.0,1.0,0,0,-0.01815142336495281
1.0,stop,1.0,2435023,0.0,0.007005072307122518,0.0,1.0,0,0,-0.011893734987774103
1.0,pre,0.02,2435024,0.7,0.003446401926163309,1.0,0.0,0,0,0.6929949276928774
1.0,pre,0.04,2435025,0.7,0.0012572181762704868,1.0,0.0,0,0,0.6965535980738367
1.0,pre,0.06,2435026,0.7,0.0016817045530779773,1.0,0.0,0,0,0.6987427818237295
1.0,pre,0.08,2435027,0.7,0.0027931161964652434,1.0,0.0,0,0,0.698318295446922
1.0,pre,0.1,2435028,0.7,0.0035750251256930128,1.0,0.0,0,0,0.6972068838035347
1.0,pre,0.12,2435029,0.7,0.004036231513576292,1.0,0.0,0,0,0.696424974874307
1.0,pre,0.14,2435030,0.7,0.004245182610400603,1.0,0.0,0,0,0.6959637684864237
1.0,pre,0.16,2435031,0.7,0.004265781317587058,1.0,0.0,0,0,0.6957548173895993
1.0,pre,0.18,2435032,0.7,0.004151238144332258,1.0,0.0,0,0,0.6957342186824129
1.0,pre,0.2,2435033,0.7,0.003944049960250567,1.0,0.0,0,0,0.6958487618556677
1.0,pre,0.22,2435034,0.7,0.003677385315247819,1.0,0.0,0,0,0.6960559500397494
1.0,pre,0.24,2435035,0.7,0.0033767976781477575,1.0,0.0,0,0,0.6963226146847521
1.0,pre,0.26,2435036,0.7,0.0030613763868573233,1.0,0.0,0,0,0.6966232023218522
1.0,pre,0.28,2435037,0.7,0.0027451013096508855,1.0,0.0,0,0,0.6969386236131426
1.0,pre,0.3,2435038,0.7,0.002437967384781181,1.0,0.0,0,0,0.6972548986903491
1.0,pre,0.32,2435039,0.7,0.002146743023191239,1.0,0.0,0,0,0.6975620326152188
1.0,pre,0.34,2435040,0.7,0.0018756960362001397,1.0,0.0,0,0,0.6978532569768087
1.0,pre,0.36,2435041,0.7,0.0016271477436462383,1.0,0.0,0,0,0.6981243039637998
1.0,pre,0.38,2435042,0.7,0.0014021800830502495,1.0,0.0,0,0,0.6983728522563537
1.0,pre,0.4,2435043,0.7,0.001200651150582877,1.0,0.0,0,0,0.6985978199169497
1.0,pre,0.42,2435044,0.7,0.0010219178501140371,1.0,0.0,0,0,0.6987993488494171
1.0,pre,0.44,2435045,0.7,0.0008646717392612951,1.0,0.0,0,0,0.6989780821498859
1.0,pre,0.46,2435046,0.7,0.0007273947908342412,1.0,0.0,0,0,0.6991353282607387
1.0,pre,0.48,2435047,0.7,0.0006084412808857991,1.0,0.0,0,0,0.6992726052091657
1.0,pre,0.5,2435048,0.7,0.0005060409467185633,1.0,0.0,0,0,0.6993915587191142
1.0,pre,0.52,2435049,0.7,0.00041841221556036134,1.0,0.0,0,0,0.6994939590532814
1.0,pre,0.54,2435050,0.7,0.0003439443808892684,1.0,0.0,0,0,0.6995815877844396
1.0,pre,0.56,2435051,0.7,0.0002809712772151556,1.0,0.0,0,0,0.6996560556191107
1.0,pre,0.58,2435052,0.7,0.0002280317370056602,1.0,0.0,0,0,0.6997190287227848
1.0,pre,0.6,2435053,0.7,0.00018381720298654784,1.0,0.0,0,0,0.6997719682629943
1.0,pre,0.62,2435054,0.7,0.00014708884314620368,1.0,0.0,0,0,0.6998161827970134
1.0,pre,0.64,2435055,0.7,0.00011683758380792838,1.0,0.0,0,0,0.6998529111568538
1.0,pre,0.66,2435056,0.7,9.207128938002512e-05,1.0,0.0,0,0,0.699883162416192
1.0,pre,0.68,2435057,0.7,7.188597660825825e-05,1.0,0.0,0,0,0.6999079287106199
1.0,pre,0.7000000000000001,2435058,0.7,5.5636499514612494e-05,1.0,0.0,0,0,0.6999281140233917
1.0,pre,0.72,2435059,0.7,4.264337525905352e-05,1.0,0.0,0,0,0.6999443635004854
1.0,pre,0.74,2435060,0.7,3.2391904430805485e-05,1.0,0.0,0,0,0.6999573566247409
1.0,pre,0.76,2435061,0.7,2.4405311790318018e-05,1.0,0.0,0,0,0.6999676080955691
1.0,pre,0.78,2435062,0.7,1.832520593156819e-05,1.0,0.0,0,0,0.6999755946882097
1.0,pre,0.8,2435063,0.7,1.386455898663868e-05,1.0,0.0,0,0,0.6999816747940684
1.0,pre,0.8200000000000001,2435064,0.7,1.0707881605360012e-05,1.0,0.0,0,0,0.6999861354410133
1.0,pre,0.84,2435065,0.7,8.648796700463393e-06,1.0,0.0,0,0,0.6999892921183946
1.0,pre,0.86,2435066,0.7,7.3886727780105416e-06,1.0,0.0,0,0,0.6999913512032995
1.0,pre,0.88,2435067,0.7,6.640818772574888e-06,1.0,0.0,0,0,0.6999926113272219
1.0,pre,0.9,2435068,0.7,6.202418784294622e-06,1.0,0.0,0,0,0.6999933591812274
1.0,pre,0.92,2435069,0.7,0.0,1.0,0.0,0,0,0.6999937975812157
1.0,pre,0.9400000000000001,2435070,0.7,2.4047880384400944e-06,1.0,0.0,0,0,0.7
1.0,pre,0.96,2435071,0.7,2.9783583926509783e-06,1.0,0.0,0,0,0.6999975952119615
1.0,pre,0.98,2435072,0.7,3.224433393524613e-06,1.0,0.0,0,0,0.6999970216416073
1.0,pre,1.0,2435073,0.7,3.205771260331307e-06,1.0,0.0,0,0,0.6999967755666064
1.0,pre,1.02,2435074,0.7,0.02441676709385187,1.0,0.0,0,0,0.6999967942287396
1.0,pre,1.04,2435075,0.7,0.0730955246860571,1.0,0.0,1,0,0.6755832329061481
1.0,pre,1.06,2435076,0.7,0.11934708485153762,1.0,0.0,1,0,0.6269044753139429
1.0,pre,1.08,2435077,0.7,0.1620844743006149,1.0,0.0,1,0,0.5806529151484623
1.0,pre,1.1,2435078,0.7,0.20099957263776283,1.0,0.0,1,0,0.537915525699385
1.0,pre,1.12,2435079,0.7,0.23615050631052764,1.0,0.0,1,0,0.49900042736223715
1.0,pre,1.1400000000000001,2435080,0.7,0.2678518089029834,1.0,0.0,1,0,0.4638494936894723
1.0,pre,1.16,2435081,0.7,0.29645059398754203,1.0,0.0,1,0,0.4321481910970166
1.0,pre,1.18,2435082,0.7,0.3222284101808801,1.0,0.0,1,0,0.4035494060124579
1.0,pre,1.2,2435083,0.7,0.34549181626024633,1.0,0.0,1,0,0.37777158981911985
1.0,pre,1.22,2435084,0.7,0.3665465365069859,1.0,0.0,1,0,0.3545081837397536
1.0,pre,1.24,2435085,0.7,0.3856797461879059,1.0,0.0,1,0,0.3334534634930141
1.0,pre,1.26,2435086,0.7,0.4031517984315012,1.0,0.0,1,0,0.31432025381209405
1.0,pre,1.28,2435087,0.7,0.4191945076222662,1.0,0.0,1,0,0.2968482015684988
1.0,pre,1.3,2435088,0.7,0.43401122094214883,1.0,0.0,1,0,0.2808054923777338
1.0,pre,1.32,2435089,0.7,0.4477673054813406,0.9910904765129089,0.0,1,0,0.2659887790578511
1.0,pre,1.34,2435090,0.7,0.4605864527603907,0.9793977737426758,0.0,1,0,0.2522326945186594
1.0,pre,1.36,2435091,0.7,0.47257127809992366,0.9685015082359314,0.0,1,0,0.23941354723960928
1.0,pre,1.3800000000000001,2435092,0.7,0.48381214211434764,0.9583144187927246,0.0,1,0,0.2274287219000763
1.0,pre,1.4000000000000001,2435093,0.7,0.49438824743559157,0.9487596750259399,0.0,1,0,0.2161878578856523
1.0,pre,1.42,2435094,0.7,0.5043689261717933,0.939769983291626,0.0,1,0,0.2056117525644084
1.0,pre,1.44,2435095,0.7,0.5139678013793864,0.9312863945960999,0.0,1,0,0.19563107382820666
1.0,pre,1.46,2435096,0.7,0.5230068220678434,0.9231273531913757,0.0,1,0,0.1860321986206136
1.0,pre,1.48,2435097,0.7,0.5316037669771454,0.9154441952705383,0.0,1,0,0.17699317793215652
1.0,pre,1.5,2435098,0.7,0.5389976039997433,0.908136785030365,0.0,1,0,0.16839623302285456
1.0,pre,1.52,2435099,0.7,0.5421443954793825,0.901852011680603,0.0,1,0,0.16100239600025668
1.0,pre,1.54,2435100,0.7,0.5416110054824272,0.8991772532463074,0.0,1,0,0.15785560452061742
1.0,pre,1.56,2435101,0.7,0.541594602367496,0.8996306657791138,0.0,1,0,0.1583889945175727
1.0,pre,1.58,2435102,0.7,0.5419878023691588,0.8996446132659912,0.0,1,0,0.15840539763250394
1.0,pre,1.6,2435103,0.7,0.5428034800479755,0.8993103504180908,0.0,1,0,0.15801219763084118
1.0,pre,1.62,2435104,0.7,0.5440306204451163,0.8986170291900635,0.0,1,0,0.15719651995202444
1.0,pre,1.6400000000000001,2435105,0.7,0.5456528680444444,0.8975739479064941,0.0,1,0,0.15596937955488366
1.0,pre,1.6600000000000001,2435106,0.7,0.5476506248499539,0.8961950540542603,0.0,1,0,0.1543471319555556
1.0,pre,1.68,2435107,0.7,0.5500027193148862,0.8944969773292542,0.0,1,0,0.1523493751500461
1.0,pre,1.7,2435108,0.7,0.5526866924255955,0.892497718334198,0.0,1,0,0.14999728068511375
1.0,pre,1.72,2435109,0.7,0.5556790838114589,0.8902162909507751,0.0,1,0,0.14731330757440442
1.0,pre,1.74,2435110,0.7,0.5589558132067494,0.8876727819442749,0.0,1,0,0.14432091618854104
1.0,pre,1.76,2435111,0.7,0.5624924665571058,0.8848875761032104,0.0,1,0,0.1410441867932506
1.0,pre,1.78,2435112,0.7,0.5662645821204095,0.8818814158439636,0.0,1,0,0.13750753344289413
1.0,pre,1.8,2435113,0.7,0.5702471736308016,0.878675103187561,0.0,1,0,0.13373541787959042
1.0,pre,1.82,2435114,0.7,0.5744158747082428,0.8752899169921875,0.0,1,0,0.12975282636919838
1.0,pre,1.84,2435115,0.7,0.5787464620222335,0.8717464804649353,0.0,1,0,0.1255841252917571
1.0,pre,1.86,2435116,0.7,0.5832154274982716,0.8680655360221863,0.0,1,0,0.1212535379777665
1.0,pre,1.8800000000000001,2435117,0.7,0.5878000736838163,0.8642668724060059,0.0,1,0,0.11678457250172836
1.0,pre,1.9000000000000001,2435118,0.7,0.5924785137508486,0.8603699207305908,0.0,1,0,0.1121999263161837
1.0,pre,1.92,2435119,0.7,0.5972296714942507,0.8563932776451111,0.0,1,0,0.10752148624915137
1.0,pre,1.94,2435120,0.7,0.6020338058530471,0.8523547649383545,0.0,1,0,0.1027703285057493
1.0,pre,1.96,2435121,0.7,0.6068725585948938,0.8482712507247925,0.0,1,0,0.09796619414695285
1.0,pre,1.98,2435122,0.7,0.6117280960083098,0.8441583514213562,0.0,1,0,0.0931274414051062
1.0,pre,2.0,2435123,0.7,0.6165841579449669,0.8400311470031738,0.0,1,0,0.08827190399169016
1.0,pre,2.02,2435124,0.7,0.6214262962380201,0.8359034657478333,0.0,1,0,0.08341584205503305
1.0,pre,2.04,2435125,0.7,0.6262403488230569,0.831787645816803,0.0,1,0,0.07857370376197981
1.0,pre,2.06,2435126,0.7,0.6310141086685317,0.8276957273483276,0.0,1,0,0.07375965117694305
1.0,pre,2.08,2435127,0.7,0.6357361793660095,0.8236380219459534,0.0,1,0,0.06898589133146826
1.0,pre,2.1,2435128,0.7,0.6403964042838959,0.8196242451667786,0.0,1,0,0.0642638206339905
1.0,pre,2.12,2435129,0.7,0.6449859619344517,0.8156630396842957,0.0,1,0,0.059603595716104074
1.0,pre,2.14,2435130,0.7,0.6494967937698123,0.8117619156837463,0.0,1,0,0.055014038065548276
1.0,pre,2.16,2435131,0.7,0.653922081018651,0.8079277276992798,0.0,1,0,0.05050320623018767
1.0,pre,2.18,2435132,0.7,0.6582559109000794,0.8041662573814392,0.0,1,0,0.04607791898134894
1.0,pre,2.2,2435133,0.7,0.6624930858893389,0.800482451915741,0.0,1,0,0.041744089099920556
1.0,pre,2.22,2435134,0.7,0.6666294575030547,0.7968809008598328,0.0,1,0,0.037506914110661094
1.0,pre,2.24,2435135,0.7,0.6706614017789981,0.793364942073822,0.0,1,0,0.033370542496945266
1.0,pre,2.2600000000000002,2435136,0.7,0.6745863437963755,0.7899377942085266,0.0,1,0,0.02933859822100182
1.0,pre,2.2800000000000002,2435137,0.7,0.6784019470533049,0.7866016030311584,0.0,1,0,0.025413656203624457
1.0,pre,2.3000000000000003,2435138,0.7,0.6821067810383403,0.7833583354949951,0.0,1,0,0.021598052946695034
1.0,pre,2.32,2435139,0.7,0.6856997967098035,0.7802092432975769,0.0,1,0,0.01789321896165963
1.0,pre,2.34,2435140,0.7,0.6891803264955834,0.7771551609039307,0.0,1,0,0.014300203290196434
1.0,pre,2.36,2435141,0.7,0.6925484657633401,0.7741967439651489,0.0,1,0,0.010819673504416594
1.0,pre,2.38,2435142,0.7,0.6958044052477552,0.7713338136672974,0.0,1,0,0.007451534236659896
1.0,pre,2.4,2435143,0.7,0.6989489555723155,0.7685662508010864,0.0,1,0,0.004195594752244736
1.0,pre,2.42,2435144,0.7,0.7019828796762616,0.7658933997154236,0.0,1,0,0.0010510444276844444
1.0,pre,2.44,2435145,0.7,0.7049075603871733,0.7633058428764343,0.0,1,0,-0.0019828796762616507
1.0,pre,2.46,2435146,0.7,0.7077244759007708,0.7607982754707336,0.0,1,0,-0.004907560387173326
1.0,pre,2.48,2435147,0.7,0.7104350567282599,0.7583698630332947,0.0,1,0,-0.007724475900770855
1.0,pre,2.5,2435148,0.7,0.7130411148507214,0.7560200095176697,0.0,1,0,-0.01043505672825995
1.0,decel,0.02,2435149,0.5,0.7154067993617963,0.0,0.21304111182689667,1,0,-0.2130411148507214
1.0,decel,0.04,2435150,0.5,0.7168005943761797,0.0,0.21540680527687073,1,0,-0.2154067993617963
1.0,decel,0.06,2435151,0.5,0.7169664860231227,0.0,0.21680060029029846,1,0,-0.2168005943761797
1.0,decel,0.08,2435152,0.5,0.7158756733370946,0.0,0.21696648001670837,1,0,-0.21696648602312274
1.0,decel,0.1,2435153,0.5,0.7134608745946872,0.0,0.21587567031383514,1,0,-0.21587567333709456
1.0,decel,0.12,2435154,0.5,0.7098838806446846,0.0,0.21346087753772736,1,0,-0.2134608745946872
1.0,decel,0.14,2435155,0.5,0.7052817821712776,0.0,0.2098838835954666,1,0,-0.20988388064468455
1.0,decel,0.16,2435156,0.5,0.6997521400583453,0.0,0.20528177917003632,1,0,-0.20528178217127757
1.0,decel,0.18,2435157,0.5,0.6933670520854671,0.0,0.19975213706493378,1,0,-0.1997521400583453
1.0,decel,0.2,2435158,0.5,0.686184549334971,0.0,0.19336704909801483,1,0,-0.19336705208546712
1.0,decel,0.22,2435159,0.5,0.6782575607311881,0.0,0.18618455529212952,1,0,-0.18618454933497097
1.0,decel,0.24,2435160,0.5,0.669641399383901,0.0,0.178257554769516,1,0,-0.17825756073118815
1.0,decel,0.26,2435161,0.5,0.6603988647462021,0.0,0.1696414053440094,1,0,-0.169641399383901
1.0,decel,0.28,2435162,0.5,0.6506026268006395,0.0,0.16039887070655823,1,0,-0.16039886474620213
1.0,decel,0.3,2435163,0.5,0.6403364181522234,0.0,0.15060262382030487,1,0,-0.15060262680063952
1.0,decel,0.32,2435164,0.5,0.6296923160567505,0.0,0.14033642411231995,1,0,-0.14033641815222342
1.0,decel,0.34,2435165,0.5,0.6187671184586099,0.0,0.12969231605529785,1,0,-0.12969231605675047
1.0,decel,0.36,2435166,0.5,0.6076567649966007,0.0,0.11876711994409561,1,0,-0.11876711845860988
1.0,decel,0.38,2435167,0.5,0.5964486122425701,0.0,0.10765676200389862,1,0,-0.1076567649966007
1.0,decel,0.4,2435168,0.5,0.5852181912108176,0.0,0.096448615193367,1,0,-0.09644861224257006
1.0,decel,0.42,2435169,0.5,0.5740247250907092,0.0,0.08521819114685059,1,0,-0.08521819121081764
1.0,decel,0.44,2435170,0.5,0.5629111292496745,0.0,0.07402472198009491,1,0,-0.07402472509070923
1.0,decel,0.46,2435171,0.5,0.5519056801669597,0.0,0.06291113048791885,1,0,-0.06291112924967446
1.0,decel,0.48,2435172,0.5,0.5410256870763657,0.0,0.05190568044781685,1,0,-0.05190568016695973
1.0,decel,0.5,2435173,0.5,0.530279542349936,0.0,0.041025687009096146,1,0,-0.04102568707636567
1.0,decel,0.52,2435174,0.5,0.5196707269193397,0.0,0.03027954325079918,1,0,-0.030279542349936017
1.0,decel,0.54,2435175,0.5,0.509207633060781,0.49819332361221313,0.0,1,0,-0.019670726919339687
1.0,decel,0.56,2435176,0.5,0.4953355339099946,0.5070464611053467,0.0,1,0,-0.009207633060780984
1.0,decel,0.58,2435177,0.5,0.4830754295460208,0.5188582539558411,0.0,1,0,0.004664466090005426
1.0,decel,0.6,2435178,0.5,0.4722743520646338,0.5293537974357605,0.0,1,0,0.016924570453979215
1.0,decel,0.62,2435179,0.5,0.46304860176252927,0.5386567115783691,0.0,1,0,0.027725647935366193
1.0,decel,0.64,2435180,0.5,0.455355596963208,0.5466611981391907,0.0,1,0,0.036951398237470734
1.0,decel,0.66,2435181,0.5,0.44902458222167463,0.5533967018127441,0.0,1,0,0.04464440303679201
1.0,decel,0.68,2435182,0.5,0.44388752009173327,0.5590023398399353,0.0,1,0,0.05097541777832537
1.0,decel,0.7000000000000001,2435183,0.5,0.43978467010542033,0.5636157393455505,0.0,1,0,0.05611247990826673
1.0,decel,0.72,2435184,0.5,0.4365688326206739,0.5673680901527405,0.0,1,0,0.06021532989457967
1.0,decel,0.74,2435185,0.5,0.4341054441839276,0.570380687713623,0.0,1,0,0.06343116737932608
1.0,decel,0.76,2435186,0.5,0.43227481866329365,0.5727644562721252,0.0,1,0,0.0658945558160724
1.0,decel,0.78,2435187,0.5,0.43097248103364183,0.5746185183525085,0.0,1,0,0.06772518133670635
1.0,decel,0.8,2435188,0.5,0.4301083090683931,0.5760292410850525,0.0,1,0,0.06902751896635817
1.0,decel,0.8200000000000001,2435189,0.5,0.429605198197012,0.5770713090896606,0.0,1,0,0.06989169093160691
1.0,decel,0.84,2435190,0.5,0.4293975356243993,0.577808678150177,0.0,1,0,0.07039480180298802
1.0,decel,0.86,2435191,0.5,0.429429722137351,0.5782958269119263,0.0,1,0,0.0706024643756007
1.0,decel,0.88,2435192,0.5,0.4296544554889182,0.5785789489746094,0.0,1,0,0.07057027786264902
1.0,decel,0.9,2435193,0.5,0.4300322058788778,0.5786975026130676,0.0,1,0,0.07034554451108183
1.0,decel,0.92,2435194,0.5,0.43053064374883976,0.5786842703819275,0.0,1,0,0.0699677941211222
1.0,decel,0.9400000000000001,2435195,0.5,0.43112301853520263,0.5785662531852722,0.0,1,0,0.06946935625116024
1.0,decel,0.96,2435196,0.5,0.43178739572964686,0.5783658027648926,0.0,1,0,0.06887698146479737
1.0,decel,0.98,2435197,0.5,0.4325056555210864,0.5781012177467346,0.0,1,0,0.06821260427035314
1.0,decel,1.0,2435198,0.5,0.4332631590105308,0.5777876377105713,0.0,1,0,0.06749434447891361
1.0,decel,1.02,2435199,0.5,0.43404769916638336,0.5774374008178711,0.0,1,0,0.06673684098946919
1.0,decel,1.04,2435200,0.5,0.43484964387941477,0.5770607590675354,0.0,1,0,0.06595230083361664
1.0,decel,1.06,2435201,0.5,0.43566098228549527,0.5766657590866089,0.0,1,0,0.06515035612058523
1.0,decel,1.08,2435202,0.5,0.436475467818035,0.576259195804596,0.0,1,0,0.06433901771450473
1.0,decel,1.1,2435203,0.5,0.43728799831989723,0.5758463740348816,0.0,1,0,0.06352453218196502
1.0,decel,1.12,2435204,0.5,0.43809461604253697,0.5754317045211792,0.0,1,0,0.06271200168010277
1.0,decel,1.1400000000000001,2435205,0.5,0.43889231691209013,0.5750184655189514,0.0,1,0,0.061905383957463034
1.0,decel,1.16,2435206,0.5,0.43967857369113206,0.5746092796325684,0.0,1,0,0.06110768308790987
1.0,decel,1.18,2435207,0.5,0.44045171744984846,0.5742063522338867,0.0,1,0,0.06032142630886794
1.0,decel,1.2,2435208,0.5,0.4412104130440766,0.5738112330436707,0.0,1,0,0.05954828255015154
1.0,decel,1.22,2435209,0.5,0.4419537067991916,0.5734249949455261,0.0,1,0,0.0587895869559234
1.0,decel,1.24,2435210,0.5,0.4426810741943591,0.5730485916137695,0.0,1,0,0.058046293200808396
1.0,decel,1.26,2435211,0.5,0.44339208607585745,0.5726825594902039,0.0,1,0,0.05731892580564091
1.0,decel,1.28,2435212,0.5,0.44408664707636747,0.5723272562026978,0.0,1,0,0.05660791392414255
1.0,decel,1.3,2435213,0.5,0.4447647571955571,0.5719828605651855,0.0,1,0,0.05591335292363253
1.0,decel,1.32,2435214,0.5,0.44542651180086923,0.5716495513916016,0.0,1,0,0.05523524280444292
1.0,decel,1.34,2435215,0.5,0.44607214931052336,0.5713271498680115,0.0,1,0,0.05457348819913077
1.0,decel,1.36,2435216,0.5,0.44670200351068906,0.5710156559944153,0.0,1,0,0.05392785068947664
1.0,decel,1.3800000000000001,2435217,0.5,0.4473164081873608,0.5707147717475891,0.0,1,0,0.05329799648931094
1.0,decel,1.4000000000000001,2435218,0.5,0.44791564944274304,0.5704243779182434,0.0,1,0,0.05268359181263921
1.0,decel,1.42,2435219,0.5,0.4485002041139251,0.5701441764831543,0.0,1,0,0.052084350557256964
1.0,decel,1.44,2435220,0.5,0.44907045367053466,0.5698738694190979,0.0,1,0,0.051499795886074895
1.0,decel,1.46,2435221,0.5,0.449626922633514,0.5696132779121399,0.0,1,0,0.050929546329465336
1.0,decel,1.48,2435222,0.5,0.45016989710507715,0.5693619251251221,0.0,1,0,0.050373077366486
1.0,decel,1.5,2435223,0.5,0.45069990160608775,0.5691196322441101,0.0,1,0,0.049830102894922845
1.0,decel,1.52,2435224,0.5,0.45121731760633244,0.5688860416412354,0.0,1,0,0.04930009839391225
1.0,decel,1.54,2435225,0.5,0.4517225742589893,0.5686609148979187,0.0,1,0,0.048782682393667565
1.0,decel,1.56,2435226,0.5,0.4522159099828202,0.5684438347816467,0.0,1,0,0.04827742574101068
1.0,decel,1.58,2435227,0.5,0.4526978492985817,0.5682347416877747,0.0,1,0,0.047784090017179814
1.0,decel,1.6,2435228,0.5,0.4531687736760552,0.5680332183837891,0.0,1,0,0.0473021507014183
1.0,decel,1.62,2435229,0.5,0.4536289692175387,0.5678390264511108,0.0,1,0,0.04683122632394482
1.0,decel,1.6400000000000001,2435230,0.5,0.45407891276011647,0.5676518678665161,0.0,1,0,0.0463710307824613
1.0,decel,1.6600000000000001,2435231,0.5,0.4545187950386368,0.5674715042114258,0.0,1,0,0.04592108723988353
1.0,decel,1.68,2435232,0.5,0.45494894983926804,0.5672976970672607,0.0,1,0,0.04548120496136321
1.0,decel,1.7,2435233,0.5,0.4553697586316094,0.5671302676200867,0.0,1,0,0.045051050160731965
1.0,decel,1.72,2435234,0.5,0.45578141215038936,0.5669689774513245,0.0,1,0,0.04463024136839061
1.0,decel,1.74,2435235,0.5,0.45618433954937876,0.5668136477470398,0.0,1,0,0.044218587849610635
1.0,decel,1.76,2435236,0.5,0.4565786361956755,0.566663920879364,0.0,1,0,0.04381566045062124
1.0,decel,1.78,2435237,0.5,0.4569646358755068,0.5665198564529419,0.0,1,0,0.043421363804324487
1.0,decel,1.8,2435238,0.5,0.457342529323603,0.5663810968399048,0.0,1,0,0.043035364124493214
1.0,decel,1.82,2435239,0.5,0.4577126503260103,0.5662475824356079,0.0,1,0,0.042657470676397025
1.0,decel,1.84,2435240,0.5,0.45807518961763655,0.5661190152168274,0.0,1,0,0.04228734967398973
1.0,decel,1.86,2435241,0.5,0.45843033793320903,0.5659953355789185,0.0,1,0,0.04192481038236345
1.0,decel,1.8800000000000001,2435242,0.5,0.4587782383240501,0.5658763647079468,0.0,1,0,0.04156966206679097
1.0,decel,1.9000000000000001,2435243,0.5,0.459119224576115,0.5657620429992676,0.0,1,0,0.041221761675949875
1.0,decel,1.92,2435244,0.5,0.45945339205673175,0.565652072429657,0.0,1,0,0.04088077542388502
1.0,decel,1.94,2435245,0.5,0.4597810268683086,0.565546452999115,0.0,1,0,0.040546607943268254
1.0,decel,1.96,2435246,0.5,0.4601023197456729,0.5654448866844177,0.0,1,0,0.04021897313169143
1.0,decel,1.98,2435247,0.5,0.4604173183725654,0.5653473734855652,0.0,1,0,0.039897680254327106
1.0,decel,2.0,2435248,0.5,0.46072626116751314,0.5652537941932678,0.0,1,0,0.03958268162743461
1.2,stop,0.02,2435252,0.0,0.0,0.0,1.0,0,0,0.0
1.2,stop,0.04,2435253,0.0,0.0,0.0,1.0,0,0,0.0
1.2,stop,0.06,2435254,0.0,0.0,0.0,1.0,0,0,0.0
1.2,stop,0.08,2435255,0.0,0.0,0.0,1.0,0,0,0.0
1.2,stop,0.1,2435256,0.0,0.0,0.0,1.0,0,0,0.0
1.2,stop,0.12,2435257,0.0,0.0,0.0,1.0,0,0,0.0
1.2,stop,0.14,2435258,0.0,0.0,0.0,1.0,0,0,0.0
1.2,stop,0.16,2435259,0.0,0.0,0.0,1.0,0,0,0.0
1.2,stop,0.18,2435260,0.0,0.0,0.0,1.0,0,0,0.0
1.2,stop,0.2,2435261,0.0,0.0,0.0,1.0,0,0,0.0
1.2,stop,0.22,2435262,0.0,0.0,0.0,1.0,0,0,0.0
1.2,stop,0.24,2435263,0.0,0.0,0.0,1.0,0,0,0.0
1.2,stop,0.26,2435264,0.0,0.0,0.0,1.0,0,0,0.0
1.2,stop,0.28,2435265,0.0,0.0,0.0,1.0,0,0,0.0
1.2,stop,0.3,2435266,0.0,0.0,0.0,1.0,0,0,0.0
1.2,stop,0.32,2435267,0.0,0.0,0.0,1.0,0,0,0.0
1.2,stop,0.34,2435268,0.0,0.0,0.0,1.0,0,0,0.0
1.2,stop,0.36,2435269,0.0,0.0,0.0,1.0,0,0,0.0
1.2,stop,0.38,2435270,0.0,0.0,0.0,1.0,0,0,0.0
1.2,stop,0.4,2435271,0.0,0.0,0.0,1.0,0,0,0.0
1.2,stop,0.42,2435272,0.0,0.0,0.0,1.0,0,0,0.0
1.2,stop,0.44,2435273,0.0,0.0,0.0,1.0,0,0,0.0
1.2,stop,0.46,2435274,0.0,0.0,0.0,1.0,0,0,0.0
1.2,stop,0.48,2435275,0.0,0.0,0.0,1.0,0,0,0.0
1.2,stop,0.5,2435276,0.0,0.0,0.0,1.0,0,0,0.0
1.2,stop,0.52,2435277,0.0,0.0,0.0,1.0,0,0,0.0
1.2,stop,0.54,2435278,0.0,0.0,0.0,1.0,0,0,0.0
1.2,stop,0.56,2435279,0.0,0.0,0.0,1.0,0,0,0.0
1.2,stop,0.58,2435280,0.0,0.0,0.0,1.0,0,0,0.0
1.2,stop,0.6,2435281,0.0,0.0,0.0,1.0,0,0,0.0
1.2,stop,0.62,2435282,0.0,0.0,0.0,1.0,0,0,0.0
1.2,stop,0.64,2435283,0.0,0.0,0.0,1.0,0,0,0.0
1.2,stop,0.66,2435284,0.0,0.0,0.0,1.0,0,0,0.0
1.2,stop,0.68,2435285,0.0,0.0,0.0,1.0,0,0,0.0
1.2,stop,0.7000000000000001,2435286,0.0,0.0,0.0,1.0,0,0,0.0
1.2,stop,0.72,2435287,0.0,0.0,0.0,1.0,0,0,0.0
1.2,stop,0.74,2435288,0.0,0.0,0.0,1.0,0,0,0.0
1.2,stop,0.76,2435289,0.0,0.0,0.0,1.0,0,0,0.0
1.2,stop,0.78,2435290,0.0,0.0,0.0,1.0,0,0,0.0
1.2,stop,0.8,2435291,0.0,0.0,0.0,1.0,0,0,0.0
1.2,stop,0.8200000000000001,2435292,0.0,0.0,0.0,1.0,0,0,0.0
1.2,stop,0.84,2435293,0.0,0.0,0.0,1.0,0,0,0.0
1.2,stop,0.86,2435294,0.0,0.0,0.0,1.0,0,0,0.0
1.2,stop,0.88,2435295,0.0,0.0,0.0,1.0,0,0,0.0
1.2,stop,0.9,2435296,0.0,0.003983581443205829,0.0,1.0,0,0,0.0
1.2,stop,0.92,2435297,0.0,0.01998720472424225,0.0,1.0,0,0,-0.003983581443205829
1.2,stop,0.9400000000000001,2435298,0.0,0.026580814140935514,0.0,1.0,0,0,-0.01998720472424225
1.2,stop,0.96,2435299,0.0,0.01815142336495281,0.0,1.0,0,0,-0.026580814140935514
1.2,stop,0.98,2435300,0.0,0.011893734987774103,0.0,1.0,0,0,-0.01815142336495281
1.2,stop,1.0,2435301,0.0,0.007005072307122518,0.0,1.0,0,0,-0.011893734987774103
1.2,pre,0.02,2435302,0.7,0.003446401926163309,1.0,0.0,0,0,0.6929949276928774
1.2,pre,0.04,2435303,0.7,0.0012572181762704868,1.0,0.0,0,0,0.6965535980738367
1.2,pre,0.06,2435304,0.7,0.0016817045530779773,1.0,0.0,0,0,0.6987427818237295
1.2,pre,0.08,2435305,0.7,0.0027931161964652434,1.0,0.0,0,0,0.698318295446922
1.2,pre,0.1,2435306,0.7,0.0035750251256930128,1.0,0.0,0,0,0.6972068838035347
1.2,pre,0.12,2435307,0.7,0.004036231513576292,1.0,0.0,0,0,0.696424974874307
1.2,pre,0.14,2435308,0.7,0.004245182610400603,1.0,0.0,0,0,0.6959637684864237
1.2,pre,0.16,2435309,0.7,0.004265781317587058,1.0,0.0,0,0,0.6957548173895993
1.2,pre,0.18,2435310,0.7,0.004151238144332258,1.0,0.0,0,0,0.6957342186824129
1.2,pre,0.2,2435311,0.7,0.003944049960250567,1.0,0.0,0,0,0.6958487618556677
1.2,pre,0.22,2435312,0.7,0.003677385315247819,1.0,0.0,0,0,0.6960559500397494
1.2,pre,0.24,2435313,0.7,0.0033767976781477575,1.0,0.0,0,0,0.6963226146847521
1.2,pre,0.26,2435314,0.7,0.0030613763868573233,1.0,0.0,0,0,0.6966232023218522
1.2,pre,0.28,2435315,0.7,0.0027451013096508855,1.0,0.0,0,0,0.6969386236131426
1.2,pre,0.3,2435316,0.7,0.002437967384781181,1.0,0.0,0,0,0.6972548986903491
1.2,pre,0.32,2435317,0.7,0.002146743023191239,1.0,0.0,0,0,0.6975620326152188
1.2,pre,0.34,2435318,0.7,0.0018756960362001397,1.0,0.0,0,0,0.6978532569768087
1.2,pre,0.36,2435319,0.7,0.0016271477436462383,1.0,0.0,0,0,0.6981243039637998
1.2,pre,0.38,2435320,0.7,0.0014021800830502495,1.0,0.0,0,0,0.6983728522563537
1.2,pre,0.4,2435321,0.7,0.001200651150582877,1.0,0.0,0,0,0.6985978199169497
1.2,pre,0.42,2435322,0.7,0.0010219178501140371,1.0,0.0,0,0,0.6987993488494171
1.2,pre,0.44,2435323,0.7,0.0008646717392612951,1.0,0.0,0,0,0.6989780821498859
1.2,pre,0.46,2435324,0.7,0.0007273947908342412,1.0,0.0,0,0,0.6991353282607387
1.2,pre,0.48,2435325,0.7,0.0006084412808857991,1.0,0.0,0,0,0.6992726052091657
1.2,pre,0.5,2435326,0.7,0.0005060409467185633,1.0,0.0,0,0,0.6993915587191142
1.2,pre,0.52,2435327,0.7,0.00041841221556036134,1.0,0.0,0,0,0.6994939590532814
1.2,pre,0.54,2435328,0.7,0.0003439443808892684,1.0,0.0,0,0,0.6995815877844396
1.2,pre,0.56,2435329,0.7,0.0002809712772151556,1.0,0.0,0,0,0.6996560556191107
1.2,pre,0.58,2435330,0.7,0.0002280317370056602,1.0,0.0,0,0,0.6997190287227848
1.2,pre,0.6,2435331,0.7,0.00018381720298654784,1.0,0.0,0,0,0.6997719682629943
1.2,pre,0.62,2435332,0.7,0.00014708884314620368,1.0,0.0,0,0,0.6998161827970134
1.2,pre,0.64,2435333,0.7,0.00011683758380792838,1.0,0.0,0,0,0.6998529111568538
1.2,pre,0.66,2435334,0.7,9.207128938002512e-05,1.0,0.0,0,0,0.699883162416192
1.2,pre,0.68,2435335,0.7,7.188597660825825e-05,1.0,0.0,0,0,0.6999079287106199
1.2,pre,0.7000000000000001,2435336,0.7,5.5636499514612494e-05,1.0,0.0,0,0,0.6999281140233917
1.2,pre,0.72,2435337,0.7,4.264337525905352e-05,1.0,0.0,0,0,0.6999443635004854
1.2,pre,0.74,2435338,0.7,3.2391904430805485e-05,1.0,0.0,0,0,0.6999573566247409
1.2,pre,0.76,2435339,0.7,2.4405311790318018e-05,1.0,0.0,0,0,0.6999676080955691
1.2,pre,0.78,2435340,0.7,1.832520593156819e-05,1.0,0.0,0,0,0.6999755946882097
1.2,pre,0.8,2435341,0.7,1.386455898663868e-05,1.0,0.0,0,0,0.6999816747940684
1.2,pre,0.8200000000000001,2435342,0.7,1.0707881605360012e-05,1.0,0.0,0,0,0.6999861354410133
1.2,pre,0.84,2435343,0.7,8.648796700463393e-06,1.0,0.0,0,0,0.6999892921183946
1.2,pre,0.86,2435344,0.7,7.3886727780105416e-06,1.0,0.0,0,0,0.6999913512032995
1.2,pre,0.88,2435345,0.7,6.640818772574888e-06,1.0,0.0,0,0,0.6999926113272219
1.2,pre,0.9,2435346,0.7,6.202418784294622e-06,1.0,0.0,0,0,0.6999933591812274
1.2,pre,0.92,2435347,0.7,0.0,1.0,0.0,0,0,0.6999937975812157
1.2,pre,0.9400000000000001,2435348,0.7,2.4047880384400944e-06,1.0,0.0,0,0,0.7
1.2,pre,0.96,2435349,0.7,2.9783583926509783e-06,1.0,0.0,0,0,0.6999975952119615
1.2,pre,0.98,2435350,0.7,3.224433393524613e-06,1.0,0.0,0,0,0.6999970216416073
1.2,pre,1.0,2435351,0.7,3.205771260331307e-06,1.0,0.0,0,0,0.6999967755666064
1.2,pre,1.02,2435352,0.7,0.02441676709385187,1.0,0.0,0,0,0.6999967942287396
1.2,pre,1.04,2435353,0.7,0.0730955246860571,1.0,0.0,1,0,0.6755832329061481
1.2,pre,1.06,2435354,0.7,0.11934708485153762,1.0,0.0,1,0,0.6269044753139429
1.2,pre,1.08,2435355,0.7,0.1620844743006149,1.0,0.0,1,0,0.5806529151484623
1.2,pre,1.1,2435356,0.7,0.20099957263776283,1.0,0.0,1,0,0.537915525699385
1.2,pre,1.12,2435357,0.7,0.23615050631052764,1.0,0.0,1,0,0.49900042736223715
1.2,pre,1.1400000000000001,2435358,0.7,0.2678518089029834,1.0,0.0,1,0,0.4638494936894723
1.2,pre,1.16,2435359,0.7,0.29645059398754203,1.0,0.0,1,0,0.4321481910970166
1.2,pre,1.18,2435360,0.7,0.3222284101808801,1.0,0.0,1,0,0.4035494060124579
1.2,pre,1.2,2435361,0.7,0.34549181626024633,1.0,0.0,1,0,0.37777158981911985
1.2,pre,1.22,2435362,0.7,0.3665465365069859,1.0,0.0,1,0,0.3545081837397536
1.2,pre,1.24,2435363,0.7,0.3856797461879059,1.0,0.0,1,0,0.3334534634930141
1.2,pre,1.26,2435364,0.7,0.4031517984315012,1.0,0.0,1,0,0.31432025381209405
1.2,pre,1.28,2435365,0.7,0.4191945076222662,1.0,0.0,1,0,0.2968482015684988
1.2,pre,1.3,2435366,0.7,0.43401122094214883,1.0,0.0,1,0,0.2808054923777338
1.2,pre,1.32,2435367,0.7,0.4477673054813406,0.9910904765129089,0.0,1,0,0.2659887790578511
1.2,pre,1.34,2435368,0.7,0.4605864527603907,0.9793977737426758,0.0,1,0,0.2522326945186594
1.2,pre,1.36,2435369,0.7,0.47257127809992366,0.9685015082359314,0.0,1,0,0.23941354723960928
1.2,pre,1.3800000000000001,2435370,0.7,0.48381214211434764,0.9583144187927246,0.0,1,0,0.2274287219000763
1.2,pre,1.4000000000000001,2435371,0.7,0.49438824743559157,0.9487596750259399,0.0,1,0,0.2161878578856523
1.2,pre,1.42,2435372,0.7,0.5043689261717933,0.939769983291626,0.0,1,0,0.2056117525644084
1.2,pre,1.44,2435373,0.7,0.5139678013793864,0.9312863945960999,0.0,1,0,0.19563107382820666
1.2,pre,1.46,2435374,0.7,0.5230068220678434,0.9231273531913757,0.0,1,0,0.1860321986206136
1.2,pre,1.48,2435375,0.7,0.5316037669771454,0.9154441952705383,0.0,1,0,0.17699317793215652
1.2,pre,1.5,2435376,0.7,0.5389976039997433,0.908136785030365,0.0,1,0,0.16839623302285456
1.2,pre,1.52,2435377,0.7,0.5421443954793825,0.901852011680603,0.0,1,0,0.16100239600025668
1.2,pre,1.54,2435378,0.7,0.5416110054824272,0.8991772532463074,0.0,1,0,0.15785560452061742
1.2,pre,1.56,2435379,0.7,0.541594602367496,0.8996306657791138,0.0,1,0,0.1583889945175727
1.2,pre,1.58,2435380,0.7,0.5419878023691588,0.8996446132659912,0.0,1,0,0.15840539763250394
1.2,pre,1.6,2435381,0.7,0.5428034800479755,0.8993103504180908,0.0,1,0,0.15801219763084118
1.2,pre,1.62,2435382,0.7,0.5440306204451163,0.8986170291900635,0.0,1,0,0.15719651995202444
1.2,pre,1.6400000000000001,2435383,0.7,0.5456528680444444,0.8975739479064941,0.0,1,0,0.15596937955488366
1.2,pre,1.6600000000000001,2435384,0.7,0.5476506248499539,0.8961950540542603,0.0,1,0,0.1543471319555556
1.2,pre,1.68,2435385,0.7,0.5500027193148862,0.8944969773292542,0.0,1,0,0.1523493751500461
1.2,pre,1.7,2435386,0.7,0.5526866924255955,0.892497718334198,0.0,1,0,0.14999728068511375
1.2,pre,1.72,2435387,0.7,0.5556790838114589,0.8902162909507751,0.0,1,0,0.14731330757440442
1.2,pre,1.74,2435388,0.7,0.5589558132067494,0.8876727819442749,0.0,1,0,0.14432091618854104
1.2,pre,1.76,2435389,0.7,0.5624924665571058,0.8848875761032104,0.0,1,0,0.1410441867932506
1.2,pre,1.78,2435390,0.7,0.5662645821204095,0.8818814158439636,0.0,1,0,0.13750753344289413
1.2,pre,1.8,2435391,0.7,0.5702471736308016,0.878675103187561,0.0,1,0,0.13373541787959042
1.2,pre,1.82,2435392,0.7,0.5744158747082428,0.8752899169921875,0.0,1,0,0.12975282636919838
1.2,pre,1.84,2435393,0.7,0.5787464620222335,0.8717464804649353,0.0,1,0,0.1255841252917571
1.2,pre,1.86,2435394,0.7,0.5832154274982716,0.8680655360221863,0.0,1,0,0.1212535379777665
1.2,pre,1.8800000000000001,2435395,0.7,0.5878000736838163,0.8642668724060059,0.0,1,0,0.11678457250172836
1.2,pre,1.9000000000000001,2435396,0.7,0.5924785137508486,0.8603699207305908,0.0,1,0,0.1121999263161837
1.2,pre,1.92,2435397,0.7,0.5972296714942507,0.8563932776451111,0.0,1,0,0.10752148624915137
1.2,pre,1.94,2435398,0.7,0.6020338058530471,0.8523547649383545,0.0,1,0,0.1027703285057493
1.2,pre,1.96,2435399,0.7,0.6068725585948938,0.8482712507247925,0.0,1,0,0.09796619414695285
1.2,pre,1.98,2435400,0.7,0.6117280960083098,0.8441583514213562,0.0,1,0,0.0931274414051062
1.2,pre,2.0,2435401,0.7,0.6165841579449669,0.8400311470031738,0.0,1,0,0.08827190399169016
1.2,pre,2.02,2435402,0.7,0.6214262962380201,0.8359034657478333,0.0,1,0,0.08341584205503305
1.2,pre,2.04,2435403,0.7,0.6262403488230569,0.831787645816803,0.0,1,0,0.07857370376197981
1.2,pre,2.06,2435404,0.7,0.6310141086685317,0.8276957273483276,0.0,1,0,0.07375965117694305
1.2,pre,2.08,2435405,0.7,0.6357361793660095,0.8236380219459534,0.0,1,0,0.06898589133146826
1.2,pre,2.1,2435406,0.7,0.6403964042838959,0.8196242451667786,0.0,1,0,0.0642638206339905
1.2,pre,2.12,2435407,0.7,0.6449859619344517,0.8156630396842957,0.0,1,0,0.059603595716104074
1.2,pre,2.14,2435408,0.7,0.6494967937698123,0.8117619156837463,0.0,1,0,0.055014038065548276
1.2,pre,2.16,2435409,0.7,0.653922081018651,0.8079277276992798,0.0,1,0,0.05050320623018767
1.2,pre,2.18,2435410,0.7,0.6582559109000794,0.8041662573814392,0.0,1,0,0.04607791898134894
1.2,pre,2.2,2435411,0.7,0.6624930858893389,0.800482451915741,0.0,1,0,0.041744089099920556
1.2,pre,2.22,2435412,0.7,0.6666294575030547,0.7968809008598328,0.0,1,0,0.037506914110661094
1.2,pre,2.24,2435413,0.7,0.6706614017789981,0.793364942073822,0.0,1,0,0.033370542496945266
1.2,pre,2.2600000000000002,2435414,0.7,0.6745863437963755,0.7899377942085266,0.0,1,0,0.02933859822100182
1.2,pre,2.2800000000000002,2435415,0.7,0.6784019470533049,0.7866016030311584,0.0,1,0,0.025413656203624457
1.2,pre,2.3000000000000003,2435416,0.7,0.6821067810383403,0.7833583354949951,0.0,1,0,0.021598052946695034
1.2,pre,2.32,2435417,0.7,0.6856997967098035,0.7802092432975769,0.0,1,0,0.01789321896165963
1.2,pre,2.34,2435418,0.7,0.6891803264955834,0.7771551609039307,0.0,1,0,0.014300203290196434
1.2,pre,2.36,2435419,0.7,0.6925484657633401,0.7741967439651489,0.0,1,0,0.010819673504416594
1.2,pre,2.38,2435420,0.7,0.6958044052477552,0.7713338136672974,0.0,1,0,0.007451534236659896
1.2,pre,2.4,2435421,0.7,0.6989489555723155,0.7685662508010864,0.0,1,0,0.004195594752244736
1.2,pre,2.42,2435422,0.7,0.7019828796762616,0.7658933997154236,0.0,1,0,0.0010510444276844444
1.2,pre,2.44,2435423,0.7,0.7049075603871733,0.7633058428764343,0.0,1,0,-0.0019828796762616507
1.2,pre,2.46,2435424,0.7,0.7077244759007708,0.7607982754707336,0.0,1,0,-0.004907560387173326
1.2,pre,2.48,2435425,0.7,0.7104350567282599,0.7583698630332947,0.0,1,0,-0.007724475900770855
1.2,pre,2.5,2435426,0.7,0.7130411148507214,0.7560200095176697,0.0,1,0,-0.01043505672825995
1.2,decel,0.02,2435427,0.5,0.7154067993617963,0.0,0.2556493282318115,1,0,-0.2130411148507214
1.2,decel,0.04,2435428,0.5,0.7168005943761797,0.0,0.25848814845085144,1,0,-0.2154067993617963
1.2,decel,0.06,2435429,0.5,0.7168766499023971,0.0,0.2601607143878937,1,0,-0.2168005943761797
1.2,decel,0.08,2435430,0.5,0.7156601429412444,0.0,0.2602519690990448,1,0,-0.21687664990239708
1.2,decel,0.1,2435431,0.5,0.7131311416992876,0.0,0.2587921619415283,1,0,-0.21566014294124436
1.2,decel,0.12,2435432,0.5,0.7094510555553816,0.0,0.2557573616504669,1,0,-0.2131311416992876
1.2,decel,0.14,2435433,0.5,0.7047537803851233,0.0,0.2513412535190582,1,0,-0.20945105555538157
1.2,decel,0.16,2435434,0.5,0.6991350650912972,0.0,0.2457045316696167,1,0,-0.20475378038512326
1.2,decel,0.18,2435435,0.5,0.6926649570532842,0.0,0.2389620840549469,1,0,-0.1991350650912972
1.2,decel,0.2,2435436,0.5,0.6853996276886221,0.0,0.23119795322418213,1,0,-0.19266495705328424
1.2,decel,0.22,2435437,0.5,0.6773911476146735,0.0,0.22247955203056335,1,0,-0.18539962768862206
1.2,decel,0.24,2435438,0.5,0.66869378089941,0.0,0.21286937594413757,1,0,-0.17739114761467345
1.2,decel,0.26,2435439,0.5,0.6593698024751307,0.0,0.2024325430393219,1,0,-0.16869378089941
1.2,decel,0.28,2435440,0.5,0.6494923591616002,0.0,0.19124376773834229,1,0,-0.15936980247513066
1.2,decel,0.3,2435441,0.5,0.639145612717374,0.0,0.1793908327817917,1,0,-0.1494923591616002
1.2,decel,0.32,2435442,0.5,0.6284230709099379,0.0,0.166974738240242,1,0,-0.13914561271737402
1.2,decel,0.34,2435443,0.5,0.6174240112371121,0.0,0.1541076898574829,1,0,-0.12842307090993788
1.2,decel,0.36,2435444,0.5,0.6062454223797242,0.0,0.14090880751609802,1,0,-0.1174240112371121
1.2,decel,0.38,2435445,0.5,0.5949768543608748,0.0,0.12749451398849487,1,0,-0.10624542237972423
1.2,decel,0.4,2435446,0.5,0.5836940766137763,0.0,0.11397222429513931,1,0,-0.09497685436087477
1.2,decel,0.42,2435447,0.5,0.5724575521055792,0.0,0.10043289512395859,1,0,-0.08369407661377626
1.2,decel,0.44,2435448,0.5,0.5613086226424159,0.0,0.08694906532764435,1,0,-0.07245755210557925
1.2,decel,0.46,2435449,0.5,0.5502752785999399,0.0,0.07357034832239151,1,0,-0.06130862264241588
1.2,decel,0.48,2435450,0.5,0.5393742570074253,0.0,0.060330335050821304,1,0,-0.050275278599939854
1.2,decel,0.5,2435451,0.5,0.5286130442392677,0.0,0.04724910855293274,1,0,-0.03937425700742525
1.2,decel,0.52,2435452,0.5,0.5179943106019772,0.0,0.034335654228925705,1,0,-0.028613044239267693
1.2,decel,0.54,2435453,0.5,0.5075232535510632,0.49962565302848816,0.0,1,0,-0.017994310601977204
1.2,decel,0.56,2435454,0.5,0.4936316517647105,0.5084929466247559,0.0,1,0,-0.007523253551063203
1.2,decel,0.58,2435455,0.5,0.48137312098037927,0.5203288197517395,0.0,1,0,0.006368348235289478
1.2,decel,0.6,2435456,0.5,0.47057943447740175,0.5308305621147156,0.0,1,0,0.018626879019620735
1.2,decel,0.62,2435457,0.5,0.4613677985525933,0.540134608745575,0.0,1,0,0.029420565522598252
1.2,decel,0.64,2435458,0.5,0.45369730046278445,0.5481345057487488,0.0,1,0,0.0386322014474067
1.2,decel,0.66,2435459,0.5,0.447395372784138,0.5548581480979919,0.0,1,0,0.04630269953721555
1.2,decel,0.68,2435460,0.5,0.4422923091414453,0.5604462623596191,0.0,1,0,0.05260462721586201
1.2,decel,0.7000000000000001,2435461,0.5,0.4382270816073565,0.5650377869606018,0.0,1,0,0.057707690858554705
1.2,decel,0.72,2435462,0.5,0.4350512984460792,0.5687650442123413,0.0,1,0,0.06177291839264348
1.2,decel,0.74,2435463,0.5,0.4326301577854613,0.5717502236366272,0.0,1,0,0.0649487015539208
1.2,decel,0.76,2435464,0.5,0.4308429244509056,0.5741046071052551,0.0,1,0,0.06736984221453868
1.2,decel,0.78,2435465,0.5,0.4295845035277928,0.5759280323982239,0.0,1,0,0.0691570755490944
1.2,decel,0.8,2435466,0.5,0.42876429595265486,0.5773075222969055,0.0,1,0,0.07041549647220718
1.2,decel,0.8200000000000001,2435467,0.5,0.4283047203164627,0.5783181190490723,0.0,1,0,0.07123570404734514
1.2,decel,0.84,2435468,0.5,0.42813987772304973,0.5790242552757263,0.0,1,0,0.07169527968353728
1.2,decel,0.86,2435469,0.5,0.42821393053895285,0.5794805288314819,0.0,1,0,0.07186012227695027
1.2,decel,0.88,2435470,0.5,0.428479242732113,0.5797334313392639,0.0,1,0,0.07178606946104715
1.2,decel,0.9,2435471,0.5,0.42889642755349167,0.5798226594924927,0.0,1,0,0.07152075726788698
1.2,decel,0.92,2435472,0.5,0.4294331077618604,0.5797808766365051,0.0,1,0,0.07110357244650833
1.2,decel,0.9400000000000001,2435473,0.5,0.43006258047621787,0.5796352028846741,0.0,1,0,0.07056689223813961
1.2,decel,0.96,2435474,0.5,0.43076291118934346,0.5794078707695007,0.0,1,0,0.06993741952378213
1.2,decel,0.98,2435475,0.5,0.4315160277735758,0.5791172385215759,0.0,1,0,0.06923708881065654
1.2,decel,1.0,2435476,0.5,0.4323071959618649,0.5787784457206726,0.0,1,0,0.06848397222642422
1.2,decel,1.02,2435477,0.5,0.4331244948266585,0.5784037709236145,0.0,1,0,0.0676928040381351
1.2,decel,1.04,2435478,0.5,0.43395810152308495,0.5780033469200134,0.0,1,0,0.06687550517334151
1.2,decel,1.06,2435479,0.5,0.4348001959215944,0.5775853395462036,0.0,1,0,0.06604189847691505
1.2,decel,1.08,2435480,0.5,0.43564453145584087,0.5771564245223999,0.0,1,0,0.06519980407840559
1.2,decel,1.1,2435481,0.5,0.4364860536526636,0.5767219066619873,0.0,1,0,0.06435546854415913
1.2,decel,1.12,2435482,0.5,0.4373207570801755,0.5762860774993896,0.0,1,0,0.06351394634733643
1.2,decel,1.1400000000000001,2435483,0.5,0.43814573303134274,0.5758523941040039,0.0,1,0,0.06267924291982452
1.2,decel,1.16,2435484,0.5,0.43895845426973956,0.5754233002662659,0.0,1,0,0.06185426696865726
1.2,decel,1.18,2435485,0.5,0.43975720418105874,0.575001060962677,0.0,1,0,0.06104154573026044
1.2,decel,1.2,2435486,0.5,0.440540838355989,0.5745872259140015,0.0,1,0,0.060242795818941264
1.2,decel,1.22,2435487,0.5,0.4413083554364491,0.5741827487945557,0.0,1,0,0.059459161644010994
1.2,decel,1.24,2435488,0.5,0.44205923090142807,0.573788583278656,0.0,1,0,0.058691644563550915
1.2,decel,1.26,2435489,0.5,0.4427930832811848,0.5734052658081055,0.0,1,0,0.05794076909857193
1.2,decel,1.28,2435490,0.5,0.4435098648916366,0.5730332136154175,0.0,1,0,0.057206916718815226
1.2,decel,1.3,2435491,0.5,0.44420957573268305,0.5726724863052368,0.0,1,0,0.056490135108363426
1.2,decel,1.32,2435492,0.5,0.44489235885523115,0.5723232626914978,0.0,1,0,0.05579042426731695
1.2,decel,1.34,2435493,0.5,0.4455584049941419,0.5719853639602661,0.0,1,0,0.05510764114476885
1.2,decel,1.36,2435494,0.5,0.44620804793550456,0.571658730506897,0.0,1,0,0.0544415950058581
1.2,decel,1.3800000000000001,2435495,0.5,0.44684166914874,0.5713432431221008,0.0,1,0,0.05379195206449544
1.2,decel,1.4000000000000001,2435496,0.5,0.4474596501037905,0.571038544178009,0.0,1,0,0.05315833085125998
1.2,decel,1.42,2435497,0.5,0.448062324586478,0.5707444548606873,0.0,1,0,0.05254034989620948
1.2,decel,1.44,2435498,0.5,0.4486502648014679,0.5704606771469116,0.0,1,0,0.05193767541352201
1.2,decel,1.46,2435499,0.5,0.4492238045344714,0.5701869130134583,0.0,1,0,0.05134973519853209
1.2,decel,1.48,2435500,0.5,0.449783420622656,0.5699228048324585,0.0,1,0,0.050776195465528584
1.2,decel,1.5,2435501,0.5,0.4503295899031222,0.5696680545806885,0.0,1,0,0.05021657937734397
1.2,decel,1.52,2435502,0.5,0.45086269384559524,0.5694223642349243,0.0,1,0,0.04967041009687778
1.2,decel,1.54,2435503,0.5,0.45138320928737324,0.5691854357719421,0.0,1,0,0.04913730615440476
1.2,decel,1.56,2435504,0.5,0.4518915176978143,0.5689569115638733,0.0,1,0,0.048616790712626756
1.2,decel,1.58,2435505,0.5,0.4523880005467915,0.5687365531921387,0.0,1,0,0.04810848230218567
1.2,decel,1.6,2435506,0.5,0.4528730393041237,0.5685240030288696,0.0,1,0,0.04761199945320849
1.2,decel,1.62,2435507,0.5,0.45334696775580496,0.5683190822601318,0.0,1,0,0.0471269606958763
1.2,decel,1.6400000000000001,2435508,0.5,0.4538102150552441,0.5681215524673462,0.0,1,0,0.046653032244195036
1.2,decel,1.6600000000000001,2435509,0.5,0.45426306730477284,0.5679309964179993,0.0,1,0,0.046189784944755896
1.2,decel,1.68,2435510,0.5,0.4547058106064538,0.5677472949028015,0.0,1,0,0.04573693269522716
1.2,decel,1.7,2435511,0.5,0.4551388264302066,0.5675702691078186,0.0,1,0,0.04529418939354618
1.2,decel,1.72,2435512,0.5,0.4555623531944869,0.5673996210098267,0.0,1,0,0.04486117356979341
1.2,decel,1.74,2435513,0.5,0.45597677236887585,0.5672351121902466,0.0,1,0,0.0444376468055131
1.2,decel,1.76,2435514,0.5,0.4563822746886199,0.567076563835144,0.0,1,0,0.04402322763112415
1.2,decel,1.78,2435515,0.5,0.4567791462556487,0.5669238567352295,0.0,1,0,0.043617725311380084
1.2,decel,1.8,2435516,0.5,0.4571676731724873,0.5667766332626343,0.0,1,0,0.043220853744351306
1.2,decel,1.82,2435517,0.5,0.4575480938576824,0.5666348934173584,0.0,1,0,0.0428323268275127
1.2,decel,1.84,2435518,0.5,0.4579206467296874,0.5664982795715332,0.0,1,0,0.042451906142317586
1.2,decel,1.86,2435519,0.5,0.45828552252347654,0.5663667917251587,0.0,1,0,0.04207935327031259
1.2,decel,1.8800000000000001,2435520,0.5,0.4586428642902643,0.5662401914596558,0.0,1,0,0.04171447747652346
1.2,decel,1.9000000000000001,2435521,0.5,0.458993053499709,0.5661184191703796,0.0,1,0,0.041357135709735704
1.2,decel,1.92,2435522,0.5,0.45933613783534816,0.5660011768341064,0.0,1,0,0.04100694650029102
1.2,decel,1.94,2435523,0.5,0.45967245108325805,0.5658884644508362,0.0,1,0,0.04066386216465184
1.2,decel,1.96,2435524,0.5,0.4600020886109615,0.5657800436019897,0.0,1,0,0.04032754891674195
1.2,decel,1.98,2435525,0.5,0.46032524115331197,0.5656758546829224,0.0,1,0,0.03999791138903852
1.2,decel,2.0,2435526,0.5,0.4606420994452036,0.5655757188796997,0.0,1,0,0.03967475884668803
1.4,stop,0.02,2435530,0.0,0.0,0.0,1.0,0,0,0.0
1.4,stop,0.04,2435531,0.0,0.0,0.0,1.0,0,0,0.0
1.4,stop,0.06,2435532,0.0,0.0,0.0,1.0,0,0,0.0
1.4,stop,0.08,2435533,0.0,0.0,0.0,1.0,0,0,0.0
1.4,stop,0.1,2435534,0.0,0.0,0.0,1.0,0,0,0.0
1.4,stop,0.12,2435535,0.0,0.0,0.0,1.0,0,0,0.0
1.4,stop,0.14,2435536,0.0,0.0,0.0,1.0,0,0,0.0
1.4,stop,0.16,2435537,0.0,0.0,0.0,1.0,0,0,0.0
1.4,stop,0.18,2435538,0.0,0.0,0.0,1.0,0,0,0.0
1.4,stop,0.2,2435539,0.0,0.0,0.0,1.0,0,0,0.0
1.4,stop,0.22,2435540,0.0,0.0,0.0,1.0,0,0,0.0
1.4,stop,0.24,2435541,0.0,0.0,0.0,1.0,0,0,0.0
1.4,stop,0.26,2435542,0.0,0.0,0.0,1.0,0,0,0.0
1.4,stop,0.28,2435543,0.0,0.0,0.0,1.0,0,0,0.0
1.4,stop,0.3,2435544,0.0,0.0,0.0,1.0,0,0,0.0
1.4,stop,0.32,2435545,0.0,0.0,0.0,1.0,0,0,0.0
1.4,stop,0.34,2435546,0.0,0.0,0.0,1.0,0,0,0.0
1.4,stop,0.36,2435547,0.0,0.0,0.0,1.0,0,0,0.0
1.4,stop,0.38,2435548,0.0,0.0,0.0,1.0,0,0,0.0
1.4,stop,0.4,2435549,0.0,0.0,0.0,1.0,0,0,0.0
1.4,stop,0.42,2435550,0.0,0.0,0.0,1.0,0,0,0.0
1.4,stop,0.44,2435551,0.0,0.0,0.0,1.0,0,0,0.0
1.4,stop,0.46,2435552,0.0,0.0,0.0,1.0,0,0,0.0
1.4,stop,0.48,2435553,0.0,0.0,0.0,1.0,0,0,0.0
1.4,stop,0.5,2435554,0.0,0.0,0.0,1.0,0,0,0.0
1.4,stop,0.52,2435555,0.0,0.0,0.0,1.0,0,0,0.0
1.4,stop,0.54,2435556,0.0,0.0,0.0,1.0,0,0,0.0
1.4,stop,0.56,2435557,0.0,0.0,0.0,1.0,0,0,0.0
1.4,stop,0.58,2435558,0.0,0.0,0.0,1.0,0,0,0.0
1.4,stop,0.6,2435559,0.0,0.0,0.0,1.0,0,0,0.0
1.4,stop,0.62,2435560,0.0,0.0,0.0,1.0,0,0,0.0
1.4,stop,0.64,2435561,0.0,0.0,0.0,1.0,0,0,0.0
1.4,stop,0.66,2435562,0.0,0.0,0.0,1.0,0,0,0.0
1.4,stop,0.68,2435563,0.0,0.0,0.0,1.0,0,0,0.0
1.4,stop,0.7000000000000001,2435564,0.0,0.0,0.0,1.0,0,0,0.0
1.4,stop,0.72,2435565,0.0,0.0,0.0,1.0,0,0,0.0
1.4,stop,0.74,2435566,0.0,0.0,0.0,1.0,0,0,0.0
1.4,stop,0.76,2435567,0.0,0.0,0.0,1.0,0,0,0.0
1.4,stop,0.78,2435568,0.0,0.0,0.0,1.0,0,0,0.0
1.4,stop,0.8,2435569,0.0,0.0,0.0,1.0,0,0,0.0
1.4,stop,0.8200000000000001,2435570,0.0,0.0,0.0,1.0,0,0,0.0
1.4,stop,0.84,2435571,0.0,0.0,0.0,1.0,0,0,0.0
1.4,stop,0.86,2435572,0.0,0.0,0.0,1.0,0,0,0.0
1.4,stop,0.88,2435573,0.0,0.0,0.0,1.0,0,0,0.0
1.4,stop,0.9,2435574,0.0,0.003983581443205829,0.0,1.0,0,0,0.0
1.4,stop,0.92,2435575,0.0,0.01998720472424225,0.0,1.0,0,0,-0.003983581443205829
1.4,stop,0.9400000000000001,2435576,0.0,0.026580814140935514,0.0,1.0,0,0,-0.01998720472424225
1.4,stop,0.96,2435577,0.0,0.01815142336495281,0.0,1.0,0,0,-0.026580814140935514
1.4,stop,0.98,2435578,0.0,0.011893734987774103,0.0,1.0,0,0,-0.01815142336495281
1.4,stop,1.0,2435579,0.0,0.007005072307122518,0.0,1.0,0,0,-0.011893734987774103
1.4,pre,0.02,2435580,0.7,0.003446401926163309,1.0,0.0,0,0,0.6929949276928774
1.4,pre,0.04,2435581,0.7,0.0012572181762704868,1.0,0.0,0,0,0.6965535980738367
1.4,pre,0.06,2435582,0.7,0.0016817045530779773,1.0,0.0,0,0,0.6987427818237295
1.4,pre,0.08,2435583,0.7,0.0027931161964652434,1.0,0.0,0,0,0.698318295446922
1.4,pre,0.1,2435584,0.7,0.0035750251256930128,1.0,0.0,0,0,0.6972068838035347
1.4,pre,0.12,2435585,0.7,0.004036231513576292,1.0,0.0,0,0,0.696424974874307
1.4,pre,0.14,2435586,0.7,0.004245182610400603,1.0,0.0,0,0,0.6959637684864237
1.4,pre,0.16,2435587,0.7,0.004265781317587058,1.0,0.0,0,0,0.6957548173895993
1.4,pre,0.18,2435588,0.7,0.004151238144332258,1.0,0.0,0,0,0.6957342186824129
1.4,pre,0.2,2435589,0.7,0.003944049960250567,1.0,0.0,0,0,0.6958487618556677
1.4,pre,0.22,2435590,0.7,0.003677385315247819,1.0,0.0,0,0,0.6960559500397494
1.4,pre,0.24,2435591,0.7,0.0033767976781477575,1.0,0.0,0,0,0.6963226146847521
1.4,pre,0.26,2435592,0.7,0.0030613763868573233,1.0,0.0,0,0,0.6966232023218522
1.4,pre,0.28,2435593,0.7,0.0027451013096508855,1.0,0.0,0,0,0.6969386236131426
1.4,pre,0.3,2435594,0.7,0.002437967384781181,1.0,0.0,0,0,0.6972548986903491
1.4,pre,0.32,2435595,0.7,0.002146743023191239,1.0,0.0,0,0,0.6975620326152188
1.4,pre,0.34,2435596,0.7,0.0018756960362001397,1.0,0.0,0,0,0.6978532569768087
1.4,pre,0.36,2435597,0.7,0.0016271477436462383,1.0,0.0,0,0,0.6981243039637998
1.4,pre,0.38,2435598,0.7,0.0014021800830502495,1.0,0.0,0,0,0.6983728522563537
1.4,pre,0.4,2435599,0.7,0.001200651150582877,1.0,0.0,0,0,0.6985978199169497
1.4,pre,0.42,2435600,0.7,0.0010219178501140371,1.0,0.0,0,0,0.6987993488494171
1.4,pre,0.44,2435601,0.7,0.0008646717392612951,1.0,0.0,0,0,0.6989780821498859
1.4,pre,0.46,2435602,0.7,0.0007273947908342412,1.0,0.0,0,0,0.6991353282607387
1.4,pre,0.48,2435603,0.7,0.0006084412808857991,1.0,0.0,0,0,0.6992726052091657
1.4,pre,0.5,2435604,0.7,0.0005060409467185633,1.0,0.0,0,0,0.6993915587191142
1.4,pre,0.52,2435605,0.7,0.00041841221556036134,1.0,0.0,0,0,0.6994939590532814
1.4,pre,0.54,2435606,0.7,0.0003439443808892684,1.0,0.0,0,0,0.6995815877844396
1.4,pre,0.56,2435607,0.7,0.0002809712772151556,1.0,0.0,0,0,0.6996560556191107
1.4,pre,0.58,2435608,0.7,0.0002280317370056602,1.0,0.0,0,0,0.6997190287227848
1.4,pre,0.6,2435609,0.7,0.00018381720298654784,1.0,0.0,0,0,0.6997719682629943
1.4,pre,0.62,2435610,0.7,0.00014708884314620368,1.0,0.0,0,0,0.6998161827970134
1.4,pre,0.64,2435611,0.7,0.00011683758380792838,1.0,0.0,0,0,0.6998529111568538
1.4,pre,0.66,2435612,0.7,9.207128938002512e-05,1.0,0.0,0,0,0.699883162416192
1.4,pre,0.68,2435613,0.7,7.188597660825825e-05,1.0,0.0,0,0,0.6999079287106199
1.4,pre,0.7000000000000001,2435614,0.7,5.5636499514612494e-05,1.0,0.0,0,0,0.6999281140233917
1.4,pre,0.72,2435615,0.7,4.264337525905352e-05,1.0,0.0,0,0,0.6999443635004854
1.4,pre,0.74,2435616,0.7,3.2391904430805485e-05,1.0,0.0,0,0,0.6999573566247409
1.4,pre,0.76,2435617,0.7,2.4405311790318018e-05,1.0,0.0,0,0,0.6999676080955691
1.4,pre,0.78,2435618,0.7,1.832520593156819e-05,1.0,0.0,0,0,0.6999755946882097
1.4,pre,0.8,2435619,0.7,1.386455898663868e-05,1.0,0.0,0,0,0.6999816747940684
1.4,pre,0.8200000000000001,2435620,0.7,1.0707881605360012e-05,1.0,0.0,0,0,0.6999861354410133
1.4,pre,0.84,2435621,0.7,8.648796700463393e-06,1.0,0.0,0,0,0.6999892921183946
1.4,pre,0.86,2435622,0.7,7.3886727780105416e-06,1.0,0.0,0,0,0.6999913512032995
1.4,pre,0.88,2435623,0.7,6.640818772574888e-06,1.0,0.0,0,0,0.6999926113272219
1.4,pre,0.9,2435624,0.7,6.202418784294622e-06,1.0,0.0,0,0,0.6999933591812274
1.4,pre,0.92,2435625,0.7,0.0,1.0,0.0,0,0,0.6999937975812157
1.4,pre,0.9400000000000001,2435626,0.7,2.4047880384400944e-06,1.0,0.0,0,0,0.7
1.4,pre,0.96,2435627,0.7,2.9783583926509783e-06,1.0,0.0,0,0,0.6999975952119615
1.4,pre,0.98,2435628,0.7,3.224433393524613e-06,1.0,0.0,0,0,0.6999970216416073
1.4,pre,1.0,2435629,0.7,3.205771260331307e-06,1.0,0.0,0,0,0.6999967755666064
1.4,pre,1.02,2435630,0.7,0.02441676709385187,1.0,0.0,0,0,0.6999967942287396
1.4,pre,1.04,2435631,0.7,0.0730955246860571,1.0,0.0,1,0,0.6755832329061481
1.4,pre,1.06,2435632,0.7,0.11934708485153762,1.0,0.0,1,0,0.6269044753139429
1.4,pre,1.08,2435633,0.7,0.1620844743006149,1.0,0.0,1,0,0.5806529151484623
1.4,pre,1.1,2435634,0.7,0.20099957263776283,1.0,0.0,1,0,0.537915525699385
1.4,pre,1.12,2435635,0.7,0.23615050631052764,1.0,0.0,1,0,0.49900042736223715
1.4,pre,1.1400000000000001,2435636,0.7,0.2678518089029834,1.0,0.0,1,0,0.4638494936894723
1.4,pre,1.16,2435637,0.7,0.29645059398754203,1.0,0.0,1,0,0.4321481910970166
1.4,pre,1.18,2435638,0.7,0.3222284101808801,1.0,0.0,1,0,0.4035494060124579
1.4,pre,1.2,2435639,0.7,0.34549181626024633,1.0,0.0,1,0,0.37777158981911985
1.4,pre,1.22,2435640,0.7,0.3665465365069859,1.0,0.0,1,0,0.3545081837397536
1.4,pre,1.24,2435641,0.7,0.3856797461879059,1.0,0.0,1,0,0.3334534634930141
1.4,pre,1.26,2435642,0.7,0.4031517984315012,1.0,0.0,1,0,0.31432025381209405
1.4,pre,1.28,2435643,0.7,0.4191945076222662,1.0,0.0,1,0,0.2968482015684988
1.4,pre,1.3,2435644,0.7,0.43401122094214883,1.0,0.0,1,0,0.2808054923777338
1.4,pre,1.32,2435645,0.7,0.4477673054813406,0.9910904765129089,0.0,1,0,0.2659887790578511
1.4,pre,1.34,2435646,0.7,0.4605864527603907,0.9793977737426758,0.0,1,0,0.2522326945186594
1.4,pre,1.36,2435647,0.7,0.47257127809992366,0.9685015082359314,0.0,1,0,0.23941354723960928
1.4,pre,1.3800000000000001,2435648,0.7,0.48381214211434764,0.9583144187927246,0.0,1,0,0.2274287219000763
1.4,pre,1.4000000000000001,2435649,0.7,0.49438824743559157,0.9487596750259399,0.0,1,0,0.2161878578856523
1.4,pre,1.42,2435650,0.7,0.5043689261717933,0.939769983291626,0.0,1,0,0.2056117525644084
1.4,pre,1.44,2435651,0.7,0.5139678013793864,0.9312863945960999,0.0,1,0,0.19563107382820666
1.4,pre,1.46,2435652,0.7,0.5230068220678434,0.9231273531913757,0.0,1,0,0.1860321986206136
1.4,pre,1.48,2435653,0.7,0.5316037669771454,0.9154441952705383,0.0,1,0,0.17699317793215652
1.4,pre,1.5,2435654,0.7,0.5389976039997433,0.908136785030365,0.0,1,0,0.16839623302285456
1.4,pre,1.52,2435655,0.7,0.5421443954793825,0.901852011680603,0.0,1,0,0.16100239600025668
1.4,pre,1.54,2435656,0.7,0.5416110054824272,0.8991772532463074,0.0,1,0,0.15785560452061742
1.4,pre,1.56,2435657,0.7,0.541594602367496,0.8996306657791138,0.0,1,0,0.1583889945175727
1.4,pre,1.58,2435658,0.7,0.5419878023691588,0.8996446132659912,0.0,1,0,0.15840539763250394
1.4,pre,1.6,2435659,0.7,0.5428034800479755,0.8993103504180908,0.0,1,0,0.15801219763084118
1.4,pre,1.62,2435660,0.7,0.5440306204451163,0.8986170291900635,0.0,1,0,0.15719651995202444
1.4,pre,1.6400000000000001,2435661,0.7,0.5456528680444444,0.8975739479064941,0.0,1,0,0.15596937955488366
1.4,pre,1.6600000000000001,2435662,0.7,0.5476506248499539,0.8961950540542603,0.0,1,0,0.1543471319555556
1.4,pre,1.68,2435663,0.7,0.5500027193148862,0.8944969773292542,0.0,1,0,0.1523493751500461
1.4,pre,1.7,2435664,0.7,0.5526866924255955,0.892497718334198,0.0,1,0,0.14999728068511375
1.4,pre,1.72,2435665,0.7,0.5556790838114589,0.8902162909507751,0.0,1,0,0.14731330757440442
1.4,pre,1.74,2435666,0.7,0.5589558132067494,0.8876727819442749,0.0,1,0,0.14432091618854104
1.4,pre,1.76,2435667,0.7,0.5624924665571058,0.8848875761032104,0.0,1,0,0.1410441867932506
1.4,pre,1.78,2435668,0.7,0.5662645821204095,0.8818814158439636,0.0,1,0,0.13750753344289413
1.4,pre,1.8,2435669,0.7,0.5702471736308016,0.878675103187561,0.0,1,0,0.13373541787959042
1.4,pre,1.82,2435670,0.7,0.5744158747082428,0.8752899169921875,0.0,1,0,0.12975282636919838
1.4,pre,1.84,2435671,0.7,0.5787464620222335,0.8717464804649353,0.0,1,0,0.1255841252917571
1.4,pre,1.86,2435672,0.7,0.5832154274982716,0.8680655360221863,0.0,1,0,0.1212535379777665
1.4,pre,1.8800000000000001,2435673,0.7,0.5878000736838163,0.8642668724060059,0.0,1,0,0.11678457250172836
1.4,pre,1.9000000000000001,2435674,0.7,0.5924785137508486,0.8603699207305908,0.0,1,0,0.1121999263161837
1.4,pre,1.92,2435675,0.7,0.5972296714942507,0.8563932776451111,0.0,1,0,0.10752148624915137
1.4,pre,1.94,2435676,0.7,0.6020338058530471,0.8523547649383545,0.0,1,0,0.1027703285057493
1.4,pre,1.96,2435677,0.7,0.6068725585948938,0.8482712507247925,0.0,1,0,0.09796619414695285
1.4,pre,1.98,2435678,0.7,0.6117280960083098,0.8441583514213562,0.0,1,0,0.0931274414051062
1.4,pre,2.0,2435679,0.7,0.6165841579449669,0.8400311470031738,0.0,1,0,0.08827190399169016
1.4,pre,2.02,2435680,0.7,0.6214262962380201,0.8359034657478333,0.0,1,0,0.08341584205503305
1.4,pre,2.04,2435681,0.7,0.6262403488230569,0.831787645816803,0.0,1,0,0.07857370376197981
1.4,pre,2.06,2435682,0.7,0.6310141086685317,0.8276957273483276,0.0,1,0,0.07375965117694305
1.4,pre,2.08,2435683,0.7,0.6357361793660095,0.8236380219459534,0.0,1,0,0.06898589133146826
1.4,pre,2.1,2435684,0.7,0.6403964042838959,0.8196242451667786,0.0,1,0,0.0642638206339905
1.4,pre,2.12,2435685,0.7,0.6449859619344517,0.8156630396842957,0.0,1,0,0.059603595716104074
1.4,pre,2.14,2435686,0.7,0.6494967937698123,0.8117619156837463,0.0,1,0,0.055014038065548276
1.4,pre,2.16,2435687,0.7,0.653922081018651,0.8079277276992798,0.0,1,0,0.05050320623018767
1.4,pre,2.18,2435688,0.7,0.6582559109000794,0.8041662573814392,0.0,1,0,0.04607791898134894
1.4,pre,2.2,2435689,0.7,0.6624930858893389,0.800482451915741,0.0,1,0,0.041744089099920556
1.4,pre,2.22,2435690,0.7,0.6666294575030547,0.7968809008598328,0.0,1,0,0.037506914110661094
1.4,pre,2.24,2435691,0.7,0.6706614017789981,0.793364942073822,0.0,1,0,0.033370542496945266
1.4,pre,2.2600000000000002,2435692,0.7,0.6745863437963755,0.7899377942085266,0.0,1,0,0.02933859822100182
1.4,pre,2.2800000000000002,2435693,0.7,0.6784019470533049,0.7866016030311584,0.0,1,0,0.025413656203624457
1.4,pre,2.3000000000000003,2435694,0.7,0.6821067810383403,0.7833583354949951,0.0,1,0,0.021598052946695034
1.4,pre,2.32,2435695,0.7,0.6856997967098035,0.7802092432975769,0.0,1,0,0.01789321896165963
1.4,pre,2.34,2435696,0.7,0.6891803264955834,0.7771551609039307,0.0,1,0,0.014300203290196434
1.4,pre,2.36,2435697,0.7,0.6925484657633401,0.7741967439651489,0.0,1,0,0.010819673504416594
1.4,pre,2.38,2435698,0.7,0.6958044052477552,0.7713338136672974,0.0,1,0,0.007451534236659896
1.4,pre,2.4,2435699,0.7,0.6989489555723155,0.7685662508010864,0.0,1,0,0.004195594752244736
1.4,pre,2.42,2435700,0.7,0.7019828796762616,0.7658933997154236,0.0,1,0,0.0010510444276844444
1.4,pre,2.44,2435701,0.7,0.7049075603871733,0.7633058428764343,0.0,1,0,-0.0019828796762616507
1.4,pre,2.46,2435702,0.7,0.7077244759007708,0.7607982754707336,0.0,1,0,-0.004907560387173326
1.4,pre,2.48,2435703,0.7,0.7104350567282599,0.7583698630332947,0.0,1,0,-0.007724475900770855
1.4,pre,2.5,2435704,0.7,0.7130411148507214,0.7560200095176697,0.0,1,0,-0.01043505672825995
1.4,decel,0.02,2435705,0.5,0.7154067993617963,0.0,0.2982575595378876,1,0,-0.2130411148507214
1.4,decel,0.04,2435706,0.5,0.7168005943761797,0.0,0.30156952142715454,1,0,-0.2154067993617963
1.4,decel,0.06,2435707,0.5,0.7168374538879153,0.0,0.3035208284854889,1,0,-0.2168005943761797
1.4,decel,0.08,2435708,0.5,0.7154995441860368,0.0,0.3035724461078644,1,0,-0.2168374538879153
1.4,decel,0.1,2435709,0.5,0.7128572464350919,0.0,0.30169937014579773,1,0,-0.21549954418603678
1.4,decel,0.12,2435710,0.5,0.7090743065160224,0.0,0.29800015687942505,1,0,-0.21285724643509185
1.4,decel,0.14,2435711,0.5,0.7042826175883443,0.0,0.2927040159702301,1,0,-0.20907430651602243
1.4,decel,0.16,2435712,0.5,0.6985753536342573,0.0,0.2859956622123718,1,0,-0.20428261758834432
1.4,decel,0.18,2435713,0.5,0.6920206070008601,0.0,0.2780054807662964,1,0,-0.19857535363425727
1.4,decel,0.2,2435714,0.5,0.6846732616452303,0.0,0.2688288390636444,1,0,-0.1920206070008601
1.4,decel,0.22,2435715,0.5,0.6765835285196882,0.0,0.25854256749153137,1,0,-0.18467326164523035
1.4,decel,0.24,2435716,0.5,0.6678051471713703,0.0,0.24721693992614746,1,0,-0.17658352851968817
1.4,decel,0.26,2435717,0.5,0.6583998203279512,0.0,0.2349272072315216,1,0,-0.1678051471713703
1.4,decel,0.28,2435718,0.5,0.6484407424930063,0.0,0.22175975143909454,1,0,-0.1583998203279512
1.4,decel,0.3,2435719,0.5,0.638012981415844,0.0,0.20781703293323517,1,0,-0.14844074249300632
1.4,decel,0.32,2435720,0.5,0.6272116661104389,0.0,0.1932181715965271,1,0,-0.13801298141584395
1.4,decel,0.34,2435721,0.5,0.6161375999537254,0.0,0.17809633910655975,1,0,-0.12721166611043888
1.4,decel,0.36,2435722,0.5,0.6048901081289156,0.0,0.16259263455867767,1,0,-0.11613759995372541
1.4,decel,0.38,2435723,0.5,0.5935604095896222,0.0,0.14684614539146423,1,0,-0.10489010812891564
1.4,decel,0.4,2435724,0.5,0.5822253228115074,0.0,0.1309845745563507,1,0,-0.0935604095896222
1.4,decel,0.42,2435725,0.5,0.5709447385574318,0.0,0.1151154488325119,1,0,-0.0822253228115074
1.4,decel,0.44,2435726,0.5,0.559760618521444,0.0,0.09932263195514679,1,0,-0.07094473855743177
1.4,decel,0.46,2435727,0.5,0.5487000470916766,0.0,0.08366486430168152,1,0,-0.05976061852144399
1.4,decel,0.48,2435728,0.5,0.537777472471544,0.0,0.06818006932735443,1,0,-0.048700047091676635
1.4,decel,0.5,2435729,0.5,0.5270010486133399,0.0,0.05288846045732498,1,0,-0.03777747247154395
1.4,decel,0.52,2435730,0.5,0.5163724921324324,0.0,0.03780146688222885,1,0,-0.02700104861333985
1.4,decel,0.54,2435731,0.5,0.505894425573341,0.5010113716125488,0.0,1,0,-0.016372492132432415
1.4,decel,0.56,2435732,0.5,0.491983559564446,0.5098917484283447,0.0,1,0,-0.005894425573340967
1.4,decel,0.58,2435733,0.5,0.47972641162780716,0.5217512845993042,0.0,1,0,0.008016440435553995
1.4,decel,0.6,2435734,0.5,0.4689398776866952,0.5322590470314026,0.0,1,0,0.02027358837219284
1.4,decel,0.62,2435735,0.5,0.45974078257748097,0.5415642857551575,0.0,1,0,0.031060122313304794
1.4,decel,0.64,2435736,0.5,0.45209040701237024,0.5495606660842896,0.0,1,0,0.040259217422519034
1.4,decel,0.66,2435737,0.5,0.44581527757987455,0.5562742352485657,0.0,1,0,0.04790959298762976
1.4,decel,0.68,2435738,0.5,0.4407441143431706,0.5618465542793274,0.0,1,0,0.05418472242012545
1.4,decel,0.7000000000000001,2435739,0.5,0.4367143634946665,0.5664177536964417,0.0,1,0,0.05925588565682938
1.4,decel,0.72,2435740,0.5,0.4335764888909212,0.5701214671134949,0.0,1,0,0.06328563650533348
1.4,decel,0.74,2435741,0.5,0.4311953071884167,0.5730809569358826,0.0,1,0,0.06642351110907879
1.4,decel,0.76,2435742,0.5,0.4294494633243815,0.5754076838493347,0.0,1,0,0.0688046928115833
1.4,decel,0.78,2435743,0.5,0.4282331471271828,0.5772020816802979,0.0,1,0,0.0705505366756185
1.4,decel,0.8,2435744,0.5,0.4274551396448061,0.578551709651947,0.0,1,0,0.0717668528728172
1.4,decel,0.8200000000000001,2435745,0.5,0.42703747799806085,0.5795322060585022,0.0,1,0,0.07254486035519392
1.4,decel,0.84,2435746,0.5,0.42691397718834817,0.5802083015441895,0.0,1,0,0.07296252200193915
1.4,decel,0.86,2435747,0.5,0.427028418113417,0.5806348323822021,0.0,1,0,0.07308602281165183
1.4,decel,0.88,2435748,0.5,0.4273329740049485,0.5808586478233337,0.0,1,0,0.07297158188658298
1.4,decel,0.9,2435749,0.5,0.4277884011660042,0.5809195041656494,0.0,1,0,0.07266702599505148
1.4,decel,0.92,2435750,0.5,0.4283621316192027,0.5808501243591309,0.0,1,0,0.0722115988339958
1.4,decel,0.9400000000000001,2435751,0.5,0.42902755785248275,0.5806776285171509,0.0,1,0,0.07163786838079728
1.4,decel,0.96,2435752,0.5,0.4297627930420285,0.5804243087768555,0.0,1,0,0.07097244214751725
1.4,decel,0.98,2435753,0.5,0.4305498127446352,0.5801084041595459,0.0,1,0,0.07023720695797148
1.4,decel,1.0,2435754,0.5,0.4313738826926105,0.5797450542449951,0.0,1,0,0.06945018725536478
1.4,decel,1.02,2435755,0.5,0.43222308195847176,0.5793465375900269,0.0,1,0,0.06862611730738949
1.4,decel,1.04,2435756,0.5,0.433087587697824,0.5789229273796082,0.0,1,0,0.06777691804152824
1.4,decel,1.06,2435757,0.5,0.43395972283284073,0.5784825086593628,0.0,1,0,0.06691241230217598
1.4,decel,1.08,2435758,0.5,0.43483309774603274,0.5780317783355713,0.0,1,0,0.06604027716715927
1.4,decel,1.1,2435759,0.5,0.43570280101500325,0.5775761604309082,0.0,1,0,0.06516690225396726
1.4,decel,1.12,2435760,0.5,0.4365648748918664,0.577119767665863,0.0,1,0,0.06429719898499675
1.4,decel,1.1400000000000001,2435761,0.5,0.4374163629859723,0.5766661167144775,0.0,1,0,0.0634351251081336
1.4,decel,1.16,2435762,0.5,0.4382548811113266,0.576217770576477,0.0,1,0,0.0625836370140277
1.4,decel,1.18,2435763,0.5,0.4390787126543487,0.5757766962051392,0.0,1,0,0.0617451188886734
1.4,decel,1.2,2435764,0.5,0.43988661783784344,0.5753445029258728,0.0,1,0,0.060921287345651276
1.4,decel,1.22,2435765,0.5,0.440677738355116,0.5749222636222839,0.0,1,0,0.06011338216215656
1.4,decel,1.24,2435766,0.5,0.4414515020016213,0.5745108127593994,0.0,1,0,0.05932226164488402
1.4,decel,1.26,2435767,0.5,0.4422076226744046,0.574110746383667,0.0,1,0,0.05854849799837869
1.4,decel,1.28,2435768,0.5,0.442945957322598,0.5737223029136658,0.0,1,0,0.05779237732559539
1.4,decel,1.3,2435769,0.5,0.4436666013134453,0.5733457803726196,0.0,1,0,0.057054042677401995
1.4,decel,1.32,2435770,0.5,0.4443697930652924,0.5729811191558838,0.0,1,0,0.05633339868655468
1.4,decel,1.34,2435771,0.5,0.4450557233127589,0.5726281404495239,0.0,1,0,0.055630206934707604
1.4,decel,1.36,2435772,0.5,0.4457246304743451,0.57228684425354,0.0,1,0,0.05494427668724111
1.4,decel,1.3800000000000001,2435773,0.5,0.44637703907099635,0.5719571113586426,0.0,1,0,0.054275369525654926
1.4,decel,1.4000000000000001,2435774,0.5,0.4470132828885899,0.5716385245323181,0.0,1,0,0.05362296092900365
1.4,decel,1.42,2435775,0.5,0.4476337433968209,0.5713308453559875,0.0,1,0,0.05298671711141012
1.4,decel,1.44,2435776,0.5,0.44823894511629636,0.5710338354110718,0.0,1,0,0.05236625660317912
1.4,decel,1.46,2435777,0.5,0.4488292695168791,0.5707471966743469,0.0,1,0,0.05176105488370364
1.4,decel,1.48,2435778,0.5,0.44940519343563307,0.5704705715179443,0.0,1,0,0.051170730483120874
1.4,decel,1.5,2435779,0.5,0.44996719370976584,0.5702036619186401,0.0,1,0,0.050594806564366934
1.4,decel,1.52,2435780,0.5,0.45051569949236114,0.5699461102485657,0.0,1,0,0.050032806290234155
1.4,decel,1.54,2435781,0.5,0.45105118762079455,0.5696976184844971,0.0,1,0,0.049484300507638856
1.4,decel,1.56,2435782,0.5,0.45157403956477343,0.5694578289985657,0.0,1,0,0.04894881237920545
1.4,decel,1.58,2435783,0.5,0.4520846844775283,0.5692264437675476,0.0,1,0,0.04842596043522657
1.4,decel,1.6,2435784,0.5,0.45258350382904977,0.5690032243728638,0.0,1,0,0.04791531552247169
1.4,decel,1.62,2435785,0.5,0.45307078372128745,0.5687878727912903,0.0,1,0,0.04741649617095023
1.4,decel,1.6400000000000001,2435786,0.5,0.45354700099155226,0.568580150604248,0.0,1,0,0.04692921627871255
1.4,decel,1.6600000000000001,2435787,0.5,0.4540124894258993,0.5683797597885132,0.0,1,0,0.04645299900844774
1.4,decel,1.68,2435788,0.5,0.4544675351265569,0.5681864619255066,0.0,1,0,0.04598751057410072
1.4,decel,1.7,2435789,0.5,0.4549124718792806,0.5680000185966492,0.0,1,0,0.04553246487344309
1.4,decel,1.72,2435790,0.5,0.4553476334701724,0.5678201913833618,0.0,1,0,0.04508752812071942
1.4,decel,1.74,2435791,0.5,0.45577335368524513,0.5676468014717102,0.0,1,0,0.044652366529827625
1.4,decel,1.76,2435792,0.5,0.45618977557591345,0.5674794912338257,0.0,1,0,0.04422664631475487
1.4,decel,1.78,2435793,0.5,0.4565972806117493,0.567318320274353,0.0,1,0,0.04381022442408655
1.4,decel,1.8,2435794,0.5,0.4569961072112464,0.5671629309654236,0.0,1,0,0.04340271938825069
1.4,decel,1.82,2435795,0.5,0.4573865414769645,0.567013144493103,0.0,1,0,0.043003892788753606
1.4,decel,1.84,2435796,0.5,0.45776877414343325,0.566868782043457,0.0,1,0,0.0426134585230355
1.4,decel,1.86,2435797,0.5,0.4581431389967451,0.5667296648025513,0.0,1,0,0.042231225856566745
1.4,decel,1.8800000000000001,2435798,0.5,0.4585097314044499,0.5665956139564514,0.0,1,0,0.04185686100325492
1.4,decel,1.9000000000000001,2435799,0.5,0.4588688374686332,0.5664665699005127,0.0,1,0,0.041490268595550106
1.4,decel,1.92,2435800,0.5,0.45922064792449724,0.5663423538208008,0.0,1,0,0.04113116253136678
1.4,decel,1.94,2435801,0.5,0.4595653535066237,0.5662227272987366,0.0,1,0,0.04077935207550276
1.4,decel,1.96,2435802,0.5,0.4599031449499914,0.5661076307296753,0.0,1,0,0.0404346464933763
1.4,decel,1.98,2435803,0.5,0.46023426067307505,0.5659969449043274,0.0,1,0,0.040096855050008595
1.4,decel,2.0,2435804,0.5,0.46055884372692324,0.5658904314041138,0.0,1,0,0.039765739326924954
1.6,stop,0.02,2435808,0.0,0.0,0.0,1.0,0,0,0.0
1.6,stop,0.04,2435809,0.0,0.0,0.0,1.0,0,0,0.0
1.6,stop,0.06,2435810,0.0,0.0,0.0,1.0,0,0,0.0
1.6,stop,0.08,2435811,0.0,0.0,0.0,1.0,0,0,0.0
1.6,stop,0.1,2435812,0.0,0.0,0.0,1.0,0,0,0.0
1.6,stop,0.12,2435813,0.0,0.0,0.0,1.0,0,0,0.0
1.6,stop,0.14,2435814,0.0,0.0,0.0,1.0,0,0,0.0
1.6,stop,0.16,2435815,0.0,0.0,0.0,1.0,0,0,0.0
1.6,stop,0.18,2435816,0.0,0.0,0.0,1.0,0,0,0.0
1.6,stop,0.2,2435817,0.0,0.0,0.0,1.0,0,0,0.0
1.6,stop,0.22,2435818,0.0,0.0,0.0,1.0,0,0,0.0
1.6,stop,0.24,2435819,0.0,0.0,0.0,1.0,0,0,0.0
1.6,stop,0.26,2435820,0.0,0.0,0.0,1.0,0,0,0.0
1.6,stop,0.28,2435821,0.0,0.0,0.0,1.0,0,0,0.0
1.6,stop,0.3,2435822,0.0,0.0,0.0,1.0,0,0,0.0
1.6,stop,0.32,2435823,0.0,0.0,0.0,1.0,0,0,0.0
1.6,stop,0.34,2435824,0.0,0.0,0.0,1.0,0,0,0.0
1.6,stop,0.36,2435825,0.0,0.0,0.0,1.0,0,0,0.0
1.6,stop,0.38,2435826,0.0,0.0,0.0,1.0,0,0,0.0
1.6,stop,0.4,2435827,0.0,0.0,0.0,1.0,0,0,0.0
1.6,stop,0.42,2435828,0.0,0.0,0.0,1.0,0,0,0.0
1.6,stop,0.44,2435829,0.0,0.0,0.0,1.0,0,0,0.0
1.6,stop,0.46,2435830,0.0,0.0,0.0,1.0,0,0,0.0
1.6,stop,0.48,2435831,0.0,0.0,0.0,1.0,0,0,0.0
1.6,stop,0.5,2435832,0.0,0.0,0.0,1.0,0,0,0.0
1.6,stop,0.52,2435833,0.0,0.0,0.0,1.0,0,0,0.0
1.6,stop,0.54,2435834,0.0,0.0,0.0,1.0,0,0,0.0
1.6,stop,0.56,2435835,0.0,0.0,0.0,1.0,0,0,0.0
1.6,stop,0.58,2435836,0.0,0.0,0.0,1.0,0,0,0.0
1.6,stop,0.6,2435837,0.0,0.0,0.0,1.0,0,0,0.0
1.6,stop,0.62,2435838,0.0,0.0,0.0,1.0,0,0,0.0
1.6,stop,0.64,2435839,0.0,0.0,0.0,1.0,0,0,0.0
1.6,stop,0.66,2435840,0.0,0.0,0.0,1.0,0,0,0.0
1.6,stop,0.68,2435841,0.0,0.0,0.0,1.0,0,0,0.0
1.6,stop,0.7000000000000001,2435842,0.0,0.0,0.0,1.0,0,0,0.0
1.6,stop,0.72,2435843,0.0,0.0,0.0,1.0,0,0,0.0
1.6,stop,0.74,2435844,0.0,0.0,0.0,1.0,0,0,0.0
1.6,stop,0.76,2435845,0.0,0.0,0.0,1.0,0,0,0.0
1.6,stop,0.78,2435846,0.0,0.0,0.0,1.0,0,0,0.0
1.6,stop,0.8,2435847,0.0,0.0,0.0,1.0,0,0,0.0
1.6,stop,0.8200000000000001,2435848,0.0,0.0,0.0,1.0,0,0,0.0
1.6,stop,0.84,2435849,0.0,0.0,0.0,1.0,0,0,0.0
1.6,stop,0.86,2435850,0.0,0.0,0.0,1.0,0,0,0.0
1.6,stop,0.88,2435851,0.0,0.0,0.0,1.0,0,0,0.0
1.6,stop,0.9,2435852,0.0,0.003983581443205829,0.0,1.0,0,0,0.0
1.6,stop,0.92,2435853,0.0,0.01998720472424225,0.0,1.0,0,0,-0.003983581443205829
1.6,stop,0.9400000000000001,2435854,0.0,0.026580814140935514,0.0,1.0,0,0,-0.01998720472424225
1.6,stop,0.96,2435855,0.0,0.01815142336495281,0.0,1.0,0,0,-0.026580814140935514
1.6,stop,0.98,2435856,0.0,0.011893734987774103,0.0,1.0,0,0,-0.01815142336495281
1.6,stop,1.0,2435857,0.0,0.007005072307122518,0.0,1.0,0,0,-0.011893734987774103
1.6,pre,0.02,2435858,0.7,0.003446401926163309,1.0,0.0,0,0,0.6929949276928774
1.6,pre,0.04,2435859,0.7,0.0012572181762704868,1.0,0.0,0,0,0.6965535980738367
1.6,pre,0.06,2435860,0.7,0.0016817045530779773,1.0,0.0,0,0,0.6987427818237295
1.6,pre,0.08,2435861,0.7,0.0027931161964652434,1.0,0.0,0,0,0.698318295446922
1.6,pre,0.1,2435862,0.7,0.0035750251256930128,1.0,0.0,0,0,0.6972068838035347
1.6,pre,0.12,2435863,0.7,0.004036231513576292,1.0,0.0,0,0,0.696424974874307
1.6,pre,0.14,2435864,0.7,0.004245182610400603,1.0,0.0,0,0,0.6959637684864237
1.6,pre,0.16,2435865,0.7,0.004265781317587058,1.0,0.0,0,0,0.6957548173895993
1.6,pre,0.18,2435866,0.7,0.004151238144332258,1.0,0.0,0,0,0.6957342186824129
1.6,pre,0.2,2435867,0.7,0.003944049960250567,1.0,0.0,0,0,0.6958487618556677
1.6,pre,0.22,2435868,0.7,0.003677385315247819,1.0,0.0,0,0,0.6960559500397494
1.6,pre,0.24,2435869,0.7,0.0033767976781477575,1.0,0.0,0,0,0.6963226146847521
1.6,pre,0.26,2435870,0.7,0.0030613763868573233,1.0,0.0,0,0,0.6966232023218522
1.6,pre,0.28,2435871,0.7,0.0027451013096508855,1.0,0.0,0,0,0.6969386236131426
1.6,pre,0.3,2435872,0.7,0.002437967384781181,1.0,0.0,0,0,0.6972548986903491
1.6,pre,0.32,2435873,0.7,0.002146743023191239,1.0,0.0,0,0,0.6975620326152188
1.6,pre,0.34,2435874,0.7,0.0018756960362001397,1.0,0.0,0,0,0.6978532569768087
1.6,pre,0.36,2435875,0.7,0.0016271477436462383,1.0,0.0,0,0,0.6981243039637998
1.6,pre,0.38,2435876,0.7,0.0014021800830502495,1.0,0.0,0,0,0.6983728522563537
1.6,pre,0.4,2435877,0.7,0.001200651150582877,1.0,0.0,0,0,0.6985978199169497
1.6,pre,0.42,2435878,0.7,0.0010219178501140371,1.0,0.0,0,0,0.6987993488494171
1.6,pre,0.44,2435879,0.7,0.0008646717392612951,1.0,0.0,0,0,0.6989780821498859
1.6,pre,0.46,2435880,0.7,0.0007273947908342412,1.0,0.0,0,0,0.6991353282607387
1.6,pre,0.48,2435881,0.7,0.0006084412808857991,1.0,0.0,0,0,0.6992726052091657
1.6,pre,0.5,2435882,0.7,0.0005060409467185633,1.0,0.0,0,0,0.6993915587191142
1.6,pre,0.52,2435883,0.7,0.00041841221556036134,1.0,0.0,0,0,0.6994939590532814
1.6,pre,0.54,2435884,0.7,0.0003439443808892684,1.0,0.0,0,0,0.6995815877844396
1.6,pre,0.56,2435885,0.7,0.0002809712772151556,1.0,0.0,0,0,0.6996560556191107
1.6,pre,0.58,2435886,0.7,0.0002280317370056602,1.0,0.0,0,0,0.6997190287227848
1.6,pre,0.6,2435887,0.7,0.00018381720298654784,1.0,0.0,0,0,0.6997719682629943
1.6,pre,0.62,2435888,0.7,0.00014708884314620368,1.0,0.0,0,0,0.6998161827970134
1.6,pre,0.64,2435889,0.7,0.00011683758380792838,1.0,0.0,0,0,0.6998529111568538
1.6,pre,0.66,2435890,0.7,9.207128938002512e-05,1.0,0.0,0,0,0.699883162416192
1.6,pre,0.68,2435891,0.7,7.188597660825825e-05,1.0,0.0,0,0,0.6999079287106199
1.6,pre,0.7000000000000001,2435892,0.7,5.5636499514612494e-05,1.0,0.0,0,0,0.6999281140233917
1.6,pre,0.72,2435893,0.7,4.264337525905352e-05,1.0,0.0,0,0,0.6999443635004854
1.6,pre,0.74,2435894,0.7,3.2391904430805485e-05,1.0,0.0,0,0,0.6999573566247409
1.6,pre,0.76,2435895,0.7,2.4405311790318018e-05,1.0,0.0,0,0,0.6999676080955691
1.6,pre,0.78,2435896,0.7,1.832520593156819e-05,1.0,0.0,0,0,0.6999755946882097
1.6,pre,0.8,2435897,0.7,1.386455898663868e-05,1.0,0.0,0,0,0.6999816747940684
1.6,pre,0.8200000000000001,2435898,0.7,1.0707881605360012e-05,1.0,0.0,0,0,0.6999861354410133
1.6,pre,0.84,2435899,0.7,8.648796700463393e-06,1.0,0.0,0,0,0.6999892921183946
1.6,pre,0.86,2435900,0.7,7.3886727780105416e-06,1.0,0.0,0,0,0.6999913512032995
1.6,pre,0.88,2435901,0.7,6.640818772574888e-06,1.0,0.0,0,0,0.6999926113272219
1.6,pre,0.9,2435902,0.7,6.202418784294622e-06,1.0,0.0,0,0,0.6999933591812274
1.6,pre,0.92,2435903,0.7,0.0,1.0,0.0,0,0,0.6999937975812157
1.6,pre,0.9400000000000001,2435904,0.7,2.4047880384400944e-06,1.0,0.0,0,0,0.7
1.6,pre,0.96,2435905,0.7,2.9783583926509783e-06,1.0,0.0,0,0,0.6999975952119615
1.6,pre,0.98,2435906,0.7,3.224433393524613e-06,1.0,0.0,0,0,0.6999970216416073
1.6,pre,1.0,2435907,0.7,3.205771260331307e-06,1.0,0.0,0,0,0.6999967755666064
1.6,pre,1.02,2435908,0.7,0.02441676709385187,1.0,0.0,0,0,0.6999967942287396
1.6,pre,1.04,2435909,0.7,0.0730955246860571,1.0,0.0,1,0,0.6755832329061481
1.6,pre,1.06,2435910,0.7,0.11934708485153762,1.0,0.0,1,0,0.6269044753139429
1.6,pre,1.08,2435911,0.7,0.1620844743006149,1.0,0.0,1,0,0.5806529151484623
1.6,pre,1.1,2435912,0.7,0.20099957263776283,1.0,0.0,1,0,0.537915525699385
1.6,pre,1.12,2435913,0.7,0.23615050631052764,1.0,0.0,1,0,0.49900042736223715
1.6,pre,1.1400000000000001,2435914,0.7,0.2678518089029834,1.0,0.0,1,0,0.4638494936894723
1.6,pre,1.16,2435915,0.7,0.29645059398754203,1.0,0.0,1,0,0.4321481910970166
1.6,pre,1.18,2435916,0.7,0.3222284101808801,1.0,0.0,1,0,0.4035494060124579
1.6,pre,1.2,2435917,0.7,0.34549181626024633,1.0,0.0,1,0,0.37777158981911985
1.6,pre,1.22,2435918,0.7,0.3665465365069859,1.0,0.0,1,0,0.3545081837397536
1.6,pre,1.24,2435919,0.7,0.3856797461879059,1.0,0.0,1,0,0.3334534634930141
1.6,pre,1.26,2435920,0.7,0.4031517984315012,1.0,0.0,1,0,0.31432025381209405
1.6,pre,1.28,2435921,0.7,0.4191945076222662,1.0,0.0,1,0,0.2968482015684988
1.6,pre,1.3,2435922,0.7,0.43401122094214883,1.0,0.0,1,0,0.2808054923777338
1.6,pre,1.32,2435923,0.7,0.4477673054813406,0.9910904765129089,0.0,1,0,0.2659887790578511
1.6,pre,1.34,2435924,0.7,0.4605864527603907,0.9793977737426758,0.0,1,0,0.2522326945186594
1.6,pre,1.36,2435925,0.7,0.47257127809992366,0.9685015082359314,0.0,1,0,0.23941354723960928
1.6,pre,1.3800000000000001,2435926,0.7,0.48381214211434764,0.9583144187927246,0.0,1,0,0.2274287219000763
1.6,pre,1.4000000000000001,2435927,0.7,0.49438824743559157,0.9487596750259399,0.0,1,0,0.2161878578856523
1.6,pre,1.42,2435928,0.7,0.5043689261717933,0.939769983291626,0.0,1,0,0.2056117525644084
1.6,pre,1.44,2435929,0.7,0.5139678013793864,0.9312863945960999,0.0,1,0,0.19563107382820666
1.6,pre,1.46,2435930,0.7,0.5230068220678434,0.9231273531913757,0.0,1,0,0.1860321986206136
1.6,pre,1.48,2435931,0.7,0.5316037669771454,0.9154441952705383,0.0,1,0,0.17699317793215652
1.6,pre,1.5,2435932,0.7,0.5389976039997433,0.908136785030365,0.0,1,0,0.16839623302285456
1.6,pre,1.52,2435933,0.7,0.5421443954793825,0.901852011680603,0.0,1,0,0.16100239600025668
1.6,pre,1.54,2435934,0.7,0.5416110054824272,0.8991772532463074,0.0,1,0,0.15785560452061742
1.6,pre,1.56,2435935,0.7,0.541594602367496,0.8996306657791138,0.0,1,0,0.1583889945175727
1.6,pre,1.58,2435936,0.7,0.5419878023691588,0.8996446132659912,0.0,1,0,0.15840539763250394
1.6,pre,1.6,2435937,0.7,0.5428034800479755,0.8993103504180908,0.0,1,0,0.15801219763084118
1.6,pre,1.62,2435938,0.7,0.5440306204451163,0.8986170291900635,0.0,1,0,0.15719651995202444
1.6,pre,1.6400000000000001,2435939,0.7,0.5456528680444444,0.8975739479064941,0.0,1,0,0.15596937955488366
1.6,pre,1.6600000000000001,2435940,0.7,0.5476506248499539,0.8961950540542603,0.0,1,0,0.1543471319555556
1.6,pre,1.68,2435941,0.7,0.5500027193148862,0.8944969773292542,0.0,1,0,0.1523493751500461
1.6,pre,1.7,2435942,0.7,0.5526866924255955,0.892497718334198,0.0,1,0,0.14999728068511375
1.6,pre,1.72,2435943,0.7,0.5556790838114589,0.8902162909507751,0.0,1,0,0.14731330757440442
1.6,pre,1.74,2435944,0.7,0.5589558132067494,0.8876727819442749,0.0,1,0,0.14432091618854104
1.6,pre,1.76,2435945,0.7,0.5624924665571058,0.8848875761032104,0.0,1,0,0.1410441867932506
1.6,pre,1.78,2435946,0.7,0.5662645821204095,0.8818814158439636,0.0,1,0,0.13750753344289413
1.6,pre,1.8,2435947,0.7,0.5702471736308016,0.878675103187561,0.0,1,0,0.13373541787959042
1.6,pre,1.82,2435948,0.7,0.5744158747082428,0.8752899169921875,0.0,1,0,0.12975282636919838
1.6,pre,1.84,2435949,0.7,0.5787464620222335,0.8717464804649353,0.0,1,0,0.1255841252917571
1.6,pre,1.86,2435950,0.7,0.5832154274982716,0.8680655360221863,0.0,1,0,0.1212535379777665
1.6,pre,1.8800000000000001,2435951,0.7,0.5878000736838163,0.8642668724060059,0.0,1,0,0.11678457250172836
1.6,pre,1.9000000000000001,2435952,0.7,0.5924785137508486,0.8603699207305908,0.0,1,0,0.1121999263161837
1.6,pre,1.92,2435953,0.7,0.5972296714942507,0.8563932776451111,0.0,1,0,0.10752148624915137
1.6,pre,1.94,2435954,0.7,0.6020338058530471,0.8523547649383545,0.0,1,0,0.1027703285057493
1.6,pre,1.96,2435955,0.7,0.6068725585948938,0.8482712507247925,0.0,1,0,0.09796619414695285
1.6,pre,1.98,2435956,0.7,0.6117280960083098,0.8441583514213562,0.0,1,0,0.0931274414051062
1.6,pre,2.0,2435957,0.7,0.6165841579449669,0.8400311470031738,0.0,1,0,0.08827190399169016
1.6,pre,2.02,2435958,0.7,0.6214262962380201,0.8359034657478333,0.0,1,0,0.08341584205503305
1.6,pre,2.04,2435959,0.7,0.6262403488230569,0.831787645816803,0.0,1,0,0.07857370376197981
1.6,pre,2.06,2435960,0.7,0.6310141086685317,0.8276957273483276,0.0,1,0,0.07375965117694305
1.6,pre,2.08,2435961,0.7,0.6357361793660095,0.8236380219459534,0.0,1,0,0.06898589133146826
1.6,pre,2.1,2435962,0.7,0.6403964042838959,0.8196242451667786,0.0,1,0,0.0642638206339905
1.6,pre,2.12,2435963,0.7,0.6449859619344517,0.8156630396842957,0.0,1,0,0.059603595716104074
1.6,pre,2.14,2435964,0.7,0.6494967937698123,0.8117619156837463,0.0,1,0,0.055014038065548276
1.6,pre,2.16,2435965,0.7,0.653922081018651,0.8079277276992798,0.0,1,0,0.05050320623018767
1.6,pre,2.18,2435966,0.7,0.6582559109000794,0.8041662573814392,0.0,1,0,0.04607791898134894
1.6,pre,2.2,2435967,0.7,0.6624930858893389,0.800482451915741,0.0,1,0,0.041744089099920556
1.6,pre,2.22,2435968,0.7,0.6666294575030547,0.7968809008598328,0.0,1,0,0.037506914110661094
1.6,pre,2.24,2435969,0.7,0.6706614017789981,0.793364942073822,0.0,1,0,0.033370542496945266
1.6,pre,2.2600000000000002,2435970,0.7,0.6745863437963755,0.7899377942085266,0.0,1,0,0.02933859822100182
1.6,pre,2.2800000000000002,2435971,0.7,0.6784019470533049,0.7866016030311584,0.0,1,0,0.025413656203624457
1.6,pre,2.3000000000000003,2435972,0.7,0.6821067810383403,0.7833583354949951,0.0,1,0,0.021598052946695034
1.6,pre,2.32,2435973,0.7,0.6856997967098035,0.7802092432975769,0.0,1,0,0.01789321896165963
1.6,pre,2.34,2435974,0.7,0.6891803264955834,0.7771551609039307,0.0,1,0,0.014300203290196434
1.6,pre,2.36,2435975,0.7,0.6925484657633401,0.7741967439651489,0.0,1,0,0.010819673504416594
1.6,pre,2.38,2435976,0.7,0.6958044052477552,0.7713338136672974,0.0,1,0,0.007451534236659896
1.6,pre,2.4,2435977,0.7,0.6989489555723155,0.7685662508010864,0.0,1,0,0.004195594752244736
1.6,pre,2.42,2435978,0.7,0.7019828796762616,0.7658933997154236,0.0,1,0,0.0010510444276844444
1.6,pre,2.44,2435979,0.7,0.7049075603871733,0.7633058428764343,0.0,1,0,-0.0019828796762616507
1.6,pre,2.46,2435980,0.7,0.7077244759007708,0.7607982754707336,0.0,1,0,-0.004907560387173326
1.6,pre,2.48,2435981,0.7,0.7104350567282599,0.7583698630332947,0.0,1,0,-0.007724475900770855
1.6,pre,2.5,2435982,0.7,0.7130411148507214,0.7560200095176697,0.0,1,0,-0.01043505672825995
1.6,decel,0.02,2435983,0.5,0.7154067993617963,0.0,0.3408657908439636,1,0,-0.2130411148507214
1.6,decel,0.04,2435984,0.5,0.7168005943761797,0.0,0.34465086460113525,1,0,-0.2154067993617963
1.6,decel,0.06,2435985,0.5,0.7168374538879153,0.0,0.3468809425830841,1,0,-0.2168005943761797
1.6,decel,0.08,2435986,0.5,0.7153872490351212,0.0,0.34693992137908936,1,0,-0.2168374538879153
1.6,decel,0.1,2435987,0.5,0.7126344681145342,0.0,0.34461960196495056,1,0,-0.2153872490351212
1.6,decel,0.12,2435988,0.5,0.708751201657156,0.0,0.34021514654159546,1,0,-0.21263446811453424
1.6,decel,0.14,2435989,0.5,0.7038672924229943,0.0,0.33400192856788635,1,0,-0.208751201657156
1.6,decel,0.16,2435990,0.5,0.6980735302084498,0.0,0.3261876702308655,1,0,-0.20386729242299428
1.6,decel,0.18,2435991,0.5,0.6914361476956777,0.0,0.31691765785217285,1,0,-0.19807353020844976
1.6,decel,0.2,2435992,0.5,0.6840079784418817,0.0,0.30629783868789673,1,0,-0.19143614769567774
1.6,decel,0.22,2435993,0.5,0.6758386611947902,0.0,0.294412761926651,1,0,-0.18400797844188166
1.6,decel,0.24,2435994,0.5,0.6669804096225448,0.0,0.2813418507575989,1,0,-0.1758386611947902
1.6,decel,0.26,2435995,0.5,0.6574943542483035,0.0,0.26716864109039307,1,0,-0.1669804096225448
1.6,decel,0.28,2435996,0.5,0.6474539756780031,0.0,0.2519909739494324,1,0,-0.1574943542483035
1.6,decel,0.3,2435997,0.5,0.6369454383865529,0.0,0.23592635989189148,1,0,-0.1474539756780031
1.6,decel,0.32,2435998,0.5,0.6260649681135265,0.0,0.21911269426345825,1,0,-0.13694543838655293
1.6,decel,0.34,2435999,0.5,0.614915466319763,0.0,0.20170395076274872,1,0,-0.12606496811352652
1.6,decel,0.36,2436000,0.5,0.603598880792684,0.0,0.1838647425174713,1,0,-0.11491546631976302
1.6,decel,0.38,2436001,0.5,0.5922076225799768,0.0,0.16575820744037628,1,0,-0.10359888079268398
1.6,decel,0.4,2436002,0.5,0.5808196068824591,0.0,0.14753219485282898,1,0,-0.09220762257997683
1.6,decel,0.42,2436003,0.5,0.5694951059344435,0.0,0.12931136786937714,1,0,-0.08081960688245915
1.6,decel,0.44,2436004,0.5,0.5582755569092843,0.0,0.11119216680526733,1,0,-0.06949510593444352
1.6,decel,0.46,2436005,0.5,0.5471867567340558,0.0,0.0932408943772316,1,0,-0.05827555690928432
1.6,decel,0.48,2436006,0.5,0.5362427244591708,0.0,0.07549881190061569,1,0,-0.04718675673405581
1.6,decel,0.5,2436007,0.5,0.5254509941422101,0.0,0.05798836052417755,1,0,-0.03624272445917076
1.6,decel,0.52,2436008,0.5,0.5148126625140319,0.0,0.0407215915620327,1,0,-0.02545099414221008
1.6,decel,0.54,2436009,0.5,0.5043282540191458,0.5023440718650818,0.0,1,0,-0.014812662514031905
1.6,decel,0.56,2436010,0.5,0.4903986959967711,0.5112367868423462,0.0,1,0,-0.004328254019145827
1.6,decel,0.58,2436011,0.5,0.4781430739442049,0.5231191515922546,0.0,1,0,0.009601304003228894
1.6,decel,0.6,2436012,0.5,0.4673635018248043,0.5336325764656067,0.0,1,0,0.02185692605579509
1.6,decel,0.62,2436013,0.5,0.45817637532494987,0.5429388284683228,0.0,1,0,0.032636498175195705
1.6,decel,0.64,2436014,0.5,0.450545359345029,0.5509319305419922,0.0,1,0,0.04182362467505013
1.6,decel,0.66,2436015,0.5,0.4442960268002089,0.5576358437538147,0.0,1,0,0.049454640654971016
1.6,decel,0.68,2436016,0.5,0.4392554765075447,0.5631929039955139,0.0,1,0,0.05570397319979109
1.6,decel,0.7000000000000001,2436017,0.5,0.4352598672019406,0.5677446126937866,0.0,1,0,0.060744523492455293
1.6,decel,0.72,2436018,0.5,0.43215851832734237,0.57142573595047,0.0,1,0,0.0647401327980594
1.6,decel,0.74,2436019,0.5,0.4298155312857146,0.5743604302406311,0.0,1,0,0.06784148167265763
1.6,decel,0.76,2436020,0.5,0.42810926491001755,0.5766607522964478,0.0,1,0,0.07018446871428541
1.6,decel,0.78,2436021,0.5,0.4269332891416916,0.5784274339675903,0.0,1,0,0.07189073508998245
1.6,decel,0.8,2436022,0.5,0.42619581282193664,0.5797485113143921,0.0,1,0,0.0730667108583084
1.6,decel,0.8200000000000001,2436023,0.5,0.4258183962349239,0.5807000994682312,0.0,1,0,0.07380418717806336
1.6,decel,0.84,2436024,0.5,0.42573456827828676,0.5813472867012024,0.0,1,0,0.0741816037650761
1.6,decel,0.86,2436025,0.5,0.42588772838033256,0.5817453265190125,0.0,1,0,0.07426543172171324
1.6,decel,0.88,2436026,0.5,0.42623000209067197,0.5819411873817444,0.0,1,0,0.07411227161966744
1.6,decel,0.9,2436027,0.5,0.4267220503438427,0.5819748640060425,0.0,1,0,0.07376999790932803
1.6,decel,0.92,2436028,0.5,0.42733135284724816,0.5818790197372437,0.0,1,0,0.0732779496561573
1.6,decel,0.9400000000000001,2436029,0.5,0.42803134977202245,0.5816808938980103,0.0,1,0,0.07266864715275184
1.6,decel,0.96,2436030,0.5,0.4288001066104547,0.5814025402069092,0.0,1,0,0.07196865022797755
1.6,decel,0.98,2436031,0.5,0.4296195989198095,0.581062376499176,0.0,1,0,0.0711998933895453
1.6,decel,1.0,2436032,0.5,0.43047518780044136,0.580675482749939,0.0,1,0,0.0703804010801905
1.6,decel,1.02,2436033,0.5,0.4313549523243835,0.5802541375160217,0.0,1,0,0.06952481219955864
1.6,decel,1.04,2436034,0.5,0.4322491650151494,0.5798083543777466,0.0,1,0,0.06864504767561652
1.6,decel,1.06,2436035,0.5,0.4331500534276011,0.5793464183807373,0.0,1,0,0.06775083498485063
1.6,decel,1.08,2436036,0.5,0.43405137099481195,0.5788747668266296,0.0,1,0,0.0668499465723989
1.6,decel,1.1,2436037,0.5,0.43494815861080377,0.5783988237380981,0.0,1,0,0.06594862900518805
1.6,decel,1.12,2436038,0.5,0.43583650621161574,0.5779228210449219,0.0,1,0,0.06505184138919623
1.6,decel,1.1400000000000001,2436039,0.5,0.4367135050904428,0.5774500370025635,0.0,1,0,0.06416349378838426
1.6,decel,1.16,2436040,0.5,0.4375768187450098,0.5769830346107483,0.0,1,0,0.06328649490955718
1.6,decel,1.18,2436041,0.5,0.4384247782452061,0.5765239000320435,0.0,1,0,0.06242318125499019
1.6,decel,1.2,2436042,0.5,0.43925604844711696,0.5760740637779236,0.0,1,0,0.06157522175479391
1.6,decel,1.22,2436043,0.5,0.44006986641095114,0.5756347179412842,0.0,1,0,0.060743951552883035
1.6,decel,1.24,2436044,0.5,0.4408657076158916,0.5752066969871521,0.0,1,0,0.05993013358904886
1.6,decel,1.26,2436045,0.5,0.44164328595952107,0.5747904181480408,0.0,1,0,0.05913429238410839
1.6,decel,1.28,2436046,0.5,0.4424025060738307,0.5743862390518188,0.0,1,0,0.05835671404047893
1.6,decel,1.3,2436047,0.5,0.4431434633262194,0.5739943385124207,0.0,1,0,0.05759749392616931
1.6,decel,1.32,2436048,0.5,0.44386630076785255,0.5736147165298462,0.0,1,0,0.0568565366737806
1.6,decel,1.34,2436049,0.5,0.44457125681698617,0.5732472538948059,0.0,1,0,0.05613369923214745
1.6,decel,1.36,2436050,0.5,0.4452588559944825,0.5728919506072998,0.0,1,0,0.05542874318301383
1.6,decel,1.3800000000000001,2436051,0.5,0.44592924135146195,0.5725483298301697,0.0,1,0,0.054741144005517495
1.6,decel,1.4000000000000001,2436052,0.5,0.4465829850923342,0.5722164511680603,0.0,1,0,0.05407075864853805
1.6,decel,1.42,2436053,0.5,0.4472205163703828,0.5718957781791687,0.0,1,0,0.053417014907665816
1.6,decel,1.44,2436054,0.5,0.4478423120227212,0.5715861320495605,0.0,1,0,0.05277948362961721
1.6,decel,1.46,2436055,0.5,0.4484488012026788,0.5712870955467224,0.0,1,0,0.05215768797727882
1.6,decel,1.48,2436056,0.5,0.4490404130637298,0.5709983706474304,0.0,1,0,0.051551198797321174
1.6,decel,1.5,2436057,0.5,0.4496177198103313,0.5707197189331055,0.0,1,0,0.050959586936270174
1.6,decel,1.52,2436058,0.5,0.45018110291226154,0.5704507231712341,0.0,1,0,0.05038228018966873
1.6,decel,1.54,2436059,0.5,0.45073103920654034,0.5701910257339478,0.0,1,0,0.049818897087738456
1.6,decel,1.56,2436060,0.5,0.4512679578464659,0.5699403882026672,0.0,1,0,0.04926896079345966
1.6,decel,1.58,2436061,0.5,0.45179219261827425,0.5696983933448792,0.0,1,0,0.048732042153534105
1.6,decel,1.6,2436062,0.5,0.4523042203590342,0.569464921951294,0.0,1,0,0.048207807381725754
1.6,decel,1.62,2436063,0.5,0.452804422538163,0.5692395567893982,0.0,1,0,0.047695779640965774
1.6,decel,1.6400000000000001,2436064,0.5,0.4532931329420221,0.5690220594406128,0.0,1,0,0.047195577461837
1.6,decel,1.6600000000000001,2436065,0.5,0.45377073304047677,0.5688121914863586,0.0,1,0,0.046706867057977886
1.6,decel,1.68,2436066,0.5,0.45423750893514614,0.5686095952987671,0.0,1,0,0.04622926695952323
1.6,decel,1.7,2436067,0.5,0.45469388977986175,0.5684142112731934,0.0,1,0,0.04576249106485386
1.6,decel,1.72,2436068,0.5,0.4551402093607937,0.568225622177124,0.0,1,0,0.04530611022013825
1.6,decel,1.74,2436069,0.5,0.45557670609611656,0.5680436491966248,0.0,1,0,0.04485979063920631
1.6,decel,1.76,2436070,0.5,0.456003713771907,0.5678680539131165,0.0,1,0,0.04442329390388344
1.6,decel,1.78,2436071,0.5,0.45642147080678946,0.5676987171173096,0.0,1,0,0.043996286228092985
1.6,decel,1.8,2436072,0.5,0.45683026330304194,0.5675353407859802,0.0,1,0,0.043578529193210536
1.6,decel,1.82,2436073,0.5,0.4572303296793314,0.5673778057098389,0.0,1,0,0.04316973669695806
1.6,decel,1.84,2436074,0.5,0.4576219560379709,0.567225992679596,0.0,1,0,0.042769670320668585
1.6,decel,1.86,2436075,0.5,0.4580054284812203,0.5670795440673828,0.0,1,0,0.0423780439620291
1.6,decel,1.8800000000000001,2436076,0.5,0.45838089006020627,0.5669383406639099,0.0,1,0,0.04199457151877972
1.6,decel,1.9000000000000001,2436077,0.5,0.4587485791937769,0.5668023228645325,0.0,1,0,0.04161910993979373
1.6,decel,1.92,2436078,0.5,0.4591087819832678,0.5666713118553162,0.0,1,0,0.04125142080622313
1.6,decel,1.94,2436079,0.5,0.4594615461132633,0.5665450692176819,0.0,1,0,0.04089121801673218
1.6,decel,1.96,2436080,0.5,0.45980725305365244,0.5664235949516296,0.0,1,0,0.040538453886736714
1.6,decel,1.98,2436081,0.5,0.46014609353869745,0.5663065910339355,0.0,1,0,0.04019274694634756
1.6,decel,2.0,2436082,0.5,0.4604781152522978,0.5661939382553101,0.0,1,0,0.039853906461302546
